# start B=26 K=2 SL=21 CL=31 J=6 LO=141167095653376 HI=418206965861613 S=7722894400 T=35873 roots=6 chunks=2000 perm=190920449 filters=1 range=0-2000
C 0 154457 111434 668604 23984831292 93693357 73.926 0
C 3 154458 111510 669060 24001189380 93748747 73.973 0
C 2 154458 111442 668652 23986553196 93678281 74.079 0
C 1 154458 111502 669012 23999467476 93752446 74.126 0
C 4 154458 111344 668064 23965459872 93609314 74.374 0
C 5 154458 111310 667860 23958141780 93584418 74.358 0
C 7 154458 111359 668154 23968688442 93622798 74.339 0
C 6 154458 111549 669294 24009583662 93788008 74.480 0
C 9 154458 111319 667914 23960078922 93603167 71.871 0
C 11 154458 111115 666690 23916170370 93437904 71.798 0
C 10 154458 111307 667842 23957496066 93576927 71.934 0
C 8 154457 111577 669462 24015610326 93813193 72.132 0
C 12 154458 111376 668256 23972347488 93652555 74.328 0
C 15 154458 111244 667464 23943936072 93521100 74.260 0
C 13 154458 111470 668820 23992579860 93714124 74.354 0
C 14 154458 111467 668802 23991934146 93726671 74.392 0
C 16 154458 111616 669696 24024004608 93830949 79.368 0
C 17 154457 111332 667992 23962877016 93585373 79.214 0
C 19 154458 111245 667470 23944151310 93537755 79.196 0
C 18 154458 111436 668616 23985261768 93708794 79.288 0
C 21 154458 111377 668262 23972562726 93639872 77.616 0
C 20 154458 111635 669810 24028094130 93852436 77.818 0
C 22 154458 111531 669186 24005709378 93762900 77.735 0
C 23 154458 111611 669666 24022928418 93830736 77.776 0
C 24 154458 111326 667956 23961585588 93600403 78.563 0
C 26 154457 111351 668106 23966966538 93620112 78.618 0
C 25 154458 111520 669120 24003341760 93771110 78.748 0
C 27 154458 111556 669336 24011090328 93785707 78.751 0
C 28 154458 111420 668520 23981817960 93670373 75.462 0
C 29 154458 111402 668412 23977943676 93665193 75.449 0
C 31 154458 111347 668082 23966105586 93619593 75.384 0
C 30 154458 111706 670236 24043376028 93924144 75.611 0
C 32 154458 111575 669450 24015179850 93805813 70.310 0
C 33 154458 111571 669426 24014318898 93793191 70.305 0
C 34 154458 111484 668904 23995593192 93720153 70.295 0
C 35 154457 111727 670362 24047896026 93938410 70.391 0
C 36 154458 111587 669522 24017762706 93828393 73.106 0
C 37 154458 111654 669924 24032183652 93863141 73.089 1 337568634261550
C 38 154458 111363 668178 23969549394 93650371 73.019 0
C 39 154458 111455 668730 23989351290 93695718 73.017 0
C 40 154458 111180 667080 23930160840 93467937 69.588 1 185059492498549
C 42 154458 111246 667476 23944366548 93534460 69.640 0
C 41 154458 111482 668892 23995162716 93723442 69.770 0
C 43 154458 111569 669414 24013888422 93786972 69.810 0
C 44 154457 111546 669276 24008937948 93785489 69.597 0
C 45 154458 111492 668952 23997315096 93725221 69.564 0
C 46 154458 111614 669684 24023574132 93823631 69.659 1 230299199297885
C 47 154458 111389 668334 23975145582 93651363 69.492 0
C 48 154458 111291 667746 23954052258 93568615 75.309 0
C 49 154458 111361 668166 23969118918 93631243 75.386 0
C 51 154458 111367 668202 23970410346 93624310 75.444 1 218001629325335
C 50 154458 111658 669948 24033044604 93879868 75.702 0
C 52 154458 111420 668520 23981817960 93693864 71.874 0
C 53 154457 111629 669774 24026802702 93870192 71.942 0
C 54 154458 111530 669180 24005494140 93766458 71.801 0
C 55 154458 111483 668898 23995377954 93727942 71.801 0
C 56 154458 111517 669102 24002696046 93771170 72.266 0
C 57 154458 111321 667926 23960509398 93600614 72.137 0
C 58 154458 111603 669618 24021206514 93819041 72.277 0
C 59 154458 111594 669564 24019269372 93823733 72.278 0
C 60 154458 111310 667860 23958141780 93584063 73.953 0
C 61 154458 111579 669474 24016040802 93801615 74.069 0
C 63 154458 111483 668898 23995377954 93739289 74.054 0
C 62 154457 111757 670542 24054353166 93959631 74.191 0
C 64 154458 111548 669288 24009368424 93790180 77.580 0
C 65 154458 111679 670074 24037564602 93893380 77.745 0
C 67 154458 111379 668274 23972993202 93638800 77.464 0
C 66 154458 111557 669342 24011305566 93793315 77.744 0
C 68 154458 111487 668922 23996238906 93723683 77.561 0
C 69 154458 111306 667836 23957280828 93586752 77.418 0
C 70 154458 111316 667896 23959433208 93588996 77.417 0
C 71 154457 111624 669744 24025726512 93847332 77.616 0
C 72 154458 111240 667440 23943075120 93522554 75.013 0
C 73 154458 111701 670206 24042299838 93913342 75.381 0
C 74 154458 111510 669060 24001189380 93753645 75.182 0
C 75 154458 111625 669750 24025941750 93857737 75.315 0
C 76 154458 111338 668028 23964168444 93615871 74.425 0
C 77 154458 111405 668430 23978589390 93663016 74.434 1 176727453288674
C 78 154458 111396 668376 23976652248 93664252 74.393 0
C 79 154458 111002 666012 23891848476 93316595 74.211 0
C 80 154457 111289 667734 23953621782 93562692 75.212 0
C 82 154458 111394 668364 23976221772 93659119 75.265 0
C 81 154458 111509 669054 24000974142 93738859 75.367 0
C 83 154458 111522 669132 24003772236 93768555 75.433 0
C 84 154458 111493 668958 23997530334 93743742 73.759 0
C 85 154458 111349 668094 23966536062 93624474 73.606 0
C 86 154458 111442 668652 23986553196 93688504 73.661 0
C 87 154458 111343 668058 23965244634 93609741 73.587 0
C 88 154458 111191 667146 23932528458 93474316 69.477 1 213496223187599
C 90 154458 111272 667632 23949962736 93549873 69.499 0
C 89 154457 111457 668742 23989781766 93689010 69.692 0
C 91 154458 111666 669996 24034766508 93882951 69.771 0
C 92 154458 111323 667938 23960939874 93588057 68.354 0
C 94 154458 111443 668658 23986768434 93678312 68.404 0
C 93 154458 111534 669204 24006355092 93772785 68.481 0
C 95 154458 111580 669480 24016256040 93813445 68.500 0
C 96 154458 111316 667896 23959433208 93596991 68.236 0
C 98 154457 111381 668286 23973423678 93631130 68.267 0
C 97 154458 111812 670872 24066191256 94000989 68.511 0
C 99 154458 111463 668778 23991073194 93705509 68.322 0
C 100 154458 111508 669048 24000758904 93755585 68.553 1 290053811989080
C 101 154458 111478 668868 23994301764 93728627 68.534 0
C 102 154458 111461 668766 23990642718 93704332 68.500 0
C 103 154458 111292 667752 23954267496 93555932 68.442 0
C 104 154458 111604 669624 24021421752 93855169 71.603 0
C 106 154458 111103 666618 23913587514 93437184 71.380 0
C 105 154458 111820 670920 24067913160 94004059 71.846 0
C 107 154457 111410 668460 23979665580 93666012 71.660 0
C 108 154458 111491 668946 23997099858 93731820 76.596 0
C 109 154458 111467 668802 23991934146 93720131 76.656 0
C 110 154458 111489 668934 23996669382 93752547 76.652 0
C 111 154458 111566 669396 24013242708 93792297 76.716 0
C 112 154458 111861 671166 24076737918 94037393 74.509 0
C 113 154458 111693 670158 24040577934 93902655 74.305 0
C 114 154458 111545 669270 24008722710 93771029 74.194 0
C 115 154458 111378 668268 23972777964 93648939 74.076 0
C 116 154457 111301 667806 23956204638 93564950 72.396 0
C 117 154458 111351 668106 23966966538 93613986 72.419 0
C 118 154458 111464 668784 23991288432 93717487 72.444 0
C 119 154458 111084 666504 23909497992 93407402 72.220 0
C 120 154458 111212 667272 23937048456 93510575 72.996 0
C 121 154458 111406 668436 23978804628 93666189 73.140 0
C 122 154458 111592 669552 24018838896 93812727 73.293 0
C 123 154458 111593 669558 24019054134 93800199 73.258 0
C 124 154458 111399 668394 23977297962 93667907 79.185 0
C 125 154457 111401 668406 23977728438 93672746 79.370 0
C 126 154458 111216 667296 23937909408 93486611 79.233 0
C 127 154458 111346 668076 23965890348 93617166 79.412 0
C 128 154458 111469 668814 23992364622 93710300 74.739 0
C 129 154458 111329 667974 23962231302 93611927 74.503 0
C 130 154458 111371 668226 23971271298 93636861 74.510 0
C 131 154458 111653 669918 24031968414 93870028 74.706 0
C 132 154458 111514 669084 24002050332 93749759 74.544 0
C 134 154458 111256 667536 23946518928 93542865 74.496 1 412941821606445
C 133 154457 111706 670236 24043376028 93926751 74.801 0
C 135 154458 111551 669306 24010014138 93791258 74.848 0
C 136 154458 111473 668838 23993225574 93725824 81.160 0
C 137 154458 111538 669228 24007216044 93784737 81.117 0
C 138 154458 111510 669060 24001189380 93761602 81.064 0
C 139 154458 111689 670134 24039716982 93908870 81.213 0
C 140 154458 111140 666840 23921551320 93446769 76.865 0
C 141 154458 111431 668586 23984185578 93678644 77.142 0
C 142 154457 111563 669378 24012596994 93793366 77.203 0
C 143 154458 111523 669138 24003987474 93779634 77.140 0
C 144 154458 111506 669036 24000328428 93746694 76.122 0
C 145 154458 111348 668088 23966320824 93626593 75.967 0
C 146 154458 111514 669084 24002050332 93754236 76.104 0
C 147 154458 111345 668070 23965675110 93620266 75.949 0
C 148 154458 111417 668502 23981172246 93684530 74.922 0
C 149 154458 111482 668892 23995162716 93734844 74.927 0
C 150 154458 111710 670260 24044236980 93916170 75.072 0
C 151 154457 111525 669150 24004417950 93759614 74.964 0
C 152 154458 111635 669810 24028094130 93844722 74.771 0
C 153 154458 111391 668346 23975576058 93656642 74.683 0
C 154 154458 111509 669054 24000974142 93752704 74.794 0
C 155 154458 111342 668052 23965029396 93588028 74.696 0
C 156 154458 111134 666804 23920259892 93453472 76.253 0
C 157 154458 111408 668448 23979235104 93678166 76.492 0
C 158 154458 111482 668892 23995162716 93733430 76.405 0
C 159 154458 111385 668310 23974284630 93644154 76.387 0
C 160 154457 111659 669954 24033259842 93865599 75.798 0
C 161 154458 111367 668202 23970410346 93633857 75.543 0
C 162 154458 111517 669102 24002696046 93747422 75.614 0
C 163 154458 111226 667356 23940061788 93500122 75.424 0
C 164 154458 111349 668094 23966536062 93610880 74.224 0
C 165 154458 111418 668508 23981387484 93683685 74.248 0
C 166 154458 111386 668316 23974499868 93645624 74.173 0
C 167 154458 111259 667554 23947164642 93539517 74.073 1 266524605387910
C 168 154458 111691 670146 24040147458 93895066 76.237 0
C 169 154457 111794 670764 24062316972 93976970 76.303 0
C 170 154458 111527 669162 24004848426 93761355 76.090 0
C 171 154458 111568 669408 24013673184 93789800 76.161 0
C 172 154458 111399 668394 23977297962 93672249 76.316 0
C 173 154458 111381 668286 23973423678 93637766 76.322 0
C 174 154458 111708 670248 24043806504 93927259 76.557 0
C 175 154458 111305 667830 23957065590 93569821 76.386 0
C 176 154458 111686 670116 24039071268 93911071 79.504 0
C 177 154458 111538 669228 24007216044 93778701 79.540 0
C 178 154457 111436 668616 23985261768 93697802 79.531 0
C 179 154458 111525 669150 24004417950 93762341 79.632 0
C 180 154458 111421 668526 23982033198 93681374 75.442 0
C 181 154458 111420 668520 23981817960 93669187 75.412 0
C 182 154458 111552 669312 24010229376 93788288 75.441 0
C 183 154458 111396 668376 23976652248 93647875 75.388 0
C 184 154458 111610 669660 24022713180 93851758 74.788 0
C 185 154458 111462 668772 23990857956 93700586 74.682 0
C 186 154458 111337 668022 23963953206 93608900 74.523 0
C 187 154457 111671 670026 24035842698 93885991 74.743 0
C 188 154458 111676 670056 24036918888 93886973 72.562 0
C 189 154458 111678 670068 24037349364 93889663 72.519 0
C 190 154458 111546 669276 24008937948 93774708 72.430 0
C 191 154458 111419 668514 23981602722 93689412 72.363 0
C 192 154458 111352 668112 23967181776 93627944 72.199 0
C 193 154458 111452 668712 23988705576 93722106 72.270 0
C 194 154458 111211 667266 23936833218 93496725 72.116 0
C 195 154458 111237 667422 23942429406 93529142 72.144 0
C 196 154457 111509 669054 24000974142 93746441 72.061 0
C 197 154458 111211 667266 23936833218 93485695 71.882 0
C 198 154458 111546 669276 24008937948 93774287 72.087 0
C 199 154458 111454 668724 23989136052 93710326 72.025 0
C 200 154458 111776 670656 24058442688 93980790 75.017 0
C 201 154458 111588 669528 24017977944 93828138 74.989 0
C 202 154458 111177 667062 23929515126 93488572 74.862 0
C 203 154458 111437 668622 23985477006 93684434 75.005 0
C 204 154458 111412 668472 23980096056 93675812 73.816 0
C 205 154457 111432 668592 23984400816 93710669 73.765 0
C 206 154458 111587 669522 24017762706 93811397 73.842 0
C 207 154458 111103 666618 23913587514 93400871 73.490 0
C 208 154458 111642 669852 24029600796 93869668 75.521 0
C 211 154458 111046 666276 23901318948 93362110 75.164 0
C 210 154458 111318 667908 23959863684 93594178 75.267 0
C 209 154458 111705 670230 24043160790 93921201 75.544 0
C 212 154458 111566 669396 24013242708 93821995 75.112 0
C 213 154458 111504 669024 23999897952 93730881 75.075 0
C 214 154457 111587 669522 24017762706 93810511 75.091 0
C 215 154458 111543 669258 24008292234 93770618 75.111 0
C 216 154458 111722 670332 24046819836 93923716 76.605 0
C 217 154458 111290 667740 23953837020 93565219 76.370 0
C 218 154458 111519 669114 24003126522 93760808 76.495 0
C 219 154458 111420 668520 23981817960 93683117 76.471 0
C 220 154458 111503 669018 23999682714 93760899 79.755 0
C 221 154458 111328 667968 23962016064 93590534 79.586 0
C 223 154457 111234 667404 23941783692 93530776 79.461 0
C 222 154458 111567 669402 24013457946 93803971 79.701 0
C 224 154458 111385 668310 23974284630 93642281 75.502 0
C 225 154458 111424 668544 23982678912 93679000 75.544 0
C 226 154458 111584 669504 24017116992 93808926 75.623 0
C 227 154458 111697 670182 24041438886 93918154 75.719 0
C 228 154458 111582 669492 24016686516 93819250 75.405 0
C 229 154458 111584 669504 24017116992 93816887 75.408 0
C 230 154458 111452 668712 23988705576 93700835 75.314 0
C 231 154458 111196 667176 23933604648 93472948 75.109 0
C 232 154457 111647 669882 24030676986 93864223 75.444 0
C 233 154458 111432 668592 23984400816 93685720 75.359 0
C 235 154458 111404 668424 23978374152 93663981 75.369 0
C 234 154458 111573 669438 24014749374 93812180 75.434 0
C 236 154458 111431 668586 23984185578 93683437 76.561 0
C 239 154458 111342 668052 23965029396 93596616 76.450 0
C 237 154458 111645 669870 24030246510 93866067 76.716 0
C 238 154458 111495 668970 23997960810 93722403 76.567 1 172116027471799
C 240 154458 111216 667296 23937909408 93512690 74.289 0
C 242 154458 111157 666942 23925210366 93442559 74.221 0
C 243 154458 111155 666930 23924779890 93449479 74.197 0
C 241 154457 111443 668658 23986768434 93700768 74.434 0
C 244 154458 111442 668652 23986553196 93695196 73.477 0
C 245 154458 111371 668226 23971271298 93637722 73.447 0
C 246 154458 111475 668850 23993656050 93708669 73.502 0
C 247 154458 111574 669444 24014964612 93804203 73.557 0
C 248 154458 111403 668418 23978158914 93656345 73.345 0
C 250 154457 111410 668460 23979665580 93676641 73.302 0
C 249 154458 111519 669114 24003126522 93755302 73.389 0
C 251 154458 111621 669726 24025080798 93860437 73.392 0
C 252 154458 111535 669210 24006570330 93767020 74.871 0
C 253 154458 111521 669126 24003556998 93762099 74.909 0
C 255 154458 111222 667332 23939200836 93517284 74.698 0
C 254 154458 111714 670284 24045097932 93915713 74.999 0
C 256 154458 111793 670758 24062101734 93996578 77.646 0
C 257 154458 111462 668772 23990857956 93708711 77.400 0
C 259 154458 111466 668796 23991718908 93714048 77.393 0
C 258 154457 111683 670098 24038425554 93897382 77.597 0
C 260 154458 111409 668454 23979450342 93639290 77.463 0
C 261 154458 111464 668784 23991288432 93709132 77.684 0
C 262 154458 111545 669270 24008722710 93762823 77.634 0
C 263 154458 111350 668100 23966751300 93609634 77.570 0
C 264 154458 111484 668904 23995593192 93732303 74.465 0
C 265 154458 111365 668190 23969979870 93656299 74.715 0
C 266 154458 111524 669144 24004202712 93753408 74.888 0
C 267 154457 111625 669750 24025941750 93848208 74.863 0
C 268 154458 111568 669408 24013673184 93792277 82.833 0
C 269 154458 111439 668634 23985907482 93693825 83.007 1 198262911974550
C 271 154458 111371 668226 23971271298 93641553 82.824 0
C 270 154458 111606 669636 24021852228 93823479 83.041 1 275375741098399
C 272 154458 111523 669138 24003987474 93756927 89.537 0
C 273 154458 111220 667320 23938770360 93506458 89.308 0
C 274 154458 111221 667326 23938985598 93504808 89.383 0
C 275 154458 111137 666822 23920905606 93449638 89.253 0
C 276 154457 111424 668544 23982678912 93687353 77.007 0
C 278 154458 111121 666726 23917461798 93414513 76.630 0
C 279 154458 111363 668178 23969549394 93616602 76.938 0
C 277 154458 111887 671322 24082334106 94050612 77.261 0
C 280 154458 111438 668628 23985692244 93691231 74.171 0
C 281 154458 111316 667896 23959433208 93601311 74.157 0
C 282 154458 111423 668538 23982463674 93683319 74.398 0
C 283 154458 111709 670254 24044021742 93918872 74.551 0
C 284 154458 111272 667632 23949962736 93544849 73.820 0
C 285 154457 111561 669366 24012166518 93786120 74.130 0
C 286 154458 111474 668844 23993440812 93716711 74.078 0
C 287 154458 111725 670350 24047465550 93954172 73.855 0
C 288 154458 111297 667782 23955343686 93582568 73.480 0
C 289 154458 111720 670320 24046389360 93932732 74.048 0
C 291 154458 111431 668586 23984185578 93695688 73.564 0
C 290 154458 111441 668646 23986337958 93685111 73.814 0
C 292 154458 111477 668862 23994086526 93734451 73.895 0
C 293 154458 111637 669822 24028524606 93873251 73.638 0
C 294 154457 111606 669636 24021852228 93826546 73.697 0
C 295 154458 111584 669504 24017116992 93816383 74.067 0
C 296 154458 111512 669072 24001619856 93748785 74.025 0
C 297 154458 111367 668202 23970410346 93632478 73.703 0
C 298 154458 111212 667272 23937048456 93506521 73.657 0
C 299 154458 111393 668358 23976006534 93669293 73.860 0
C 300 154458 111497 668982 23998391286 93733016 74.225 0
C 302 154458 111211 667266 23936833218 93504441 73.798 0
C 301 154458 111192 667152 23932743696 93493129 73.912 0
C 303 154457 111506 669036 24000328428 93748991 73.881 0
C 304 154458 111637 669822 24028524606 93842577 73.709 0
C 305 154458 111449 668694 23988059862 93696080 73.536 0
C 306 154458 111567 669402 24013457946 93801792 73.775 0
C 307 154458 111217 667302 23938124646 93502098 73.340 0
C 308 154458 111444 668664 23986983672 93684635 73.478 0
C 309 154458 111691 670146 24040147458 93904767 73.593 0
C 310 154458 111434 668604 23984831292 93681680 73.481 0
C 311 154458 111522 669132 24003772236 93764011 73.528 0
C 312 154457 111611 669666 24022928418 93841250 73.592 0
C 313 154458 111294 667764 23954697972 93561469 73.382 0
C 314 154458 111465 668790 23991503670 93734600 73.502 0
C 315 154458 111473 668838 23993225574 93719891 73.804 0
C 317 154458 111398 668388 23977082724 93638478 73.697 0
C 316 154458 111321 667926 23960509398 93584931 73.936 0
C 318 154458 111404 668424 23978374152 93657230 73.750 0
C 319 154458 111235 667410 23941998930 93515131 73.641 0
C 320 154458 111309 667854 23957926542 93594088 73.500 0
C 322 154458 111273 667638 23950177974 93544743 73.255 0
C 321 154457 111609 669654 24022497942 93827309 73.752 0
C 323 154458 111372 668232 23971486536 93639586 73.816 0
C 324 154458 111623 669738 24025511274 93844156 73.782 0
C 325 154458 111470 668820 23992579860 93710136 73.901 0
C 326 154458 111316 667896 23959433208 93588079 73.821 0
C 327 154458 111331 667986 23962661778 93591800 73.811 0
C 328 154458 111596 669576 24019699848 93806579 74.243 0
C 329 154458 111248 667488 23944797024 93533307 74.199 0
C 330 154457 111563 669378 24012596994 93791712 74.096 0
C 331 154458 111556 669336 24011090328 93815465 74.323 0
C 332 154458 111306 667836 23957280828 93566200 73.623 0
C 333 154458 111489 668934 23996669382 93718711 74.083 0
C 334 154458 111637 669822 24028524606 93840775 73.968 0
C 335 154458 111486 668916 23996023668 93740829 73.624 0
C 336 154458 111370 668220 23971056060 93631415 73.625 0
C 337 154458 111581 669486 24016471278 93807674 73.822 0
C 338 154458 111642 669852 24029600796 93876730 74.059 0
C 339 154457 111360 668160 23968903680 93638634 73.643 0
C 340 154458 111273 667638 23950177974 93571563 73.335 0
C 341 154458 111698 670188 24041654124 93902907 73.785 0
C 342 154458 111577 669462 24015610326 93814299 73.714 0
C 343 154458 111784 670704 24060164592 93990992 74.027 0
C 344 154458 111423 668538 23982463674 93671800 73.363 0
C 345 154458 111516 669096 24002480808 93765985 73.648 0
C 346 154458 111495 668970 23997960810 93732905 73.764 0
C 347 154458 111390 668340 23975360820 93641579 73.443 0
C 348 154457 111210 667260 23936617980 93494727 73.335 0
C 349 154458 111270 667620 23949532260 93554541 73.634 0
C 350 154458 111293 667758 23954482734 93573780 73.343 0
C 351 154458 111295 667770 23954913210 93566983 73.620 0
C 352 154458 111520 669120 24003341760 93758576 73.417 0
C 353 154458 111306 667836 23957280828 93552287 73.463 0
C 354 154458 111713 670278 24044882694 93939655 73.801 0
C 355 154458 111345 668070 23965675110 93621898 73.312 0
C 356 154458 111173 667038 23928654174 93469974 72.912 0
C 357 154457 111295 667770 23954913210 93578217 73.118 0
C 359 154458 111506 669036 24000328428 93733759 72.937 0
C 358 154458 111451 668706 23988490338 93700124 73.182 0
C 360 154458 111714 670284 24045097932 93925017 73.707 0
C 361 154458 111340 668040 23964598920 93622633 72.973 0
C 362 154458 111755 670530 24053922690 93955970 73.242 0
C 363 154458 111582 669492 24016686516 93828608 73.332 0
C 364 154458 111613 669678 24023358894 93839132 75.894 0
C 365 154458 111376 668256 23972347488 93646305 76.028 0
C 366 154457 111539 669234 24007431282 93771505 76.013 0
C 367 154458 111391 668346 23975576058 93660685 75.912 0
C 368 154458 111389 668334 23975145582 93659437 73.774 0
C 369 154458 111400 668400 23977513200 93655140 73.733 0
C 370 154458 111583 669498 24016901754 93828609 73.841 0
C 371 154458 111423 668538 23982463674 93678108 73.690 0
C 372 154458 111600 669600 24020560800 93818222 72.992 0
C 373 154458 111486 668916 23996023668 93728211 72.942 0
C 375 154457 111222 667332 23939200836 93509963 72.749 0
C 374 154458 111576 669456 24015395088 93803868 73.014 0
C 376 154458 111433 668598 23984616054 93687369 70.553 0
C 377 154458 111286 667716 23952976068 93550913 70.486 0
C 378 154458 111309 667854 23957926542 93576062 70.464 0
C 379 154458 111310 667860 23958141780 93573896 70.536 0
C 380 154458 111360 668160 23968903680 93630420 69.706 0
C 381 154458 111648 669888 24030892224 93875730 69.937 0
C 382 154458 111527 669162 24004848426 93778771 69.764 0
C 383 154457 111678 670068 24037349364 93905481 69.860 0
C 384 154458 111362 668172 23969334156 93626910 72.159 0
C 385 154458 111179 667074 23929945602 93479278 72.157 0
C 386 154458 111394 668364 23976221772 93653008 72.291 0
C 387 154458 111515 669090 24002265570 93743175 72.389 0
C 388 154458 111560 669360 24011951280 93796568 73.359 0
C 389 154458 111634 669804 24027878892 93868551 73.350 0
C 390 154458 111276 667656 23950823688 93554867 73.108 0
C 391 154458 111429 668574 23983755102 93688506 73.243 0
C 392 154457 111563 669378 24012596994 93812641 71.771 0
C 393 154458 111345 668070 23965675110 93607722 71.629 0
C 394 154458 111462 668772 23990857956 93709523 71.661 0
C 395 154458 111436 668616 23985261768 93684861 71.748 0
C 396 154458 111541 669246 24007861758 93769748 72.830 0
C 397 154458 111105 666630 23914017990 93416845 72.619 0
C 398 154458 111393 668358 23976006534 93656907 72.778 0
C 399 154458 111701 670206 24042299838 93911163 73.098 0
C 400 154458 111531 669186 24005709378 93767442 72.903 0
C 401 154457 111626 669756 24026156988 93866275 72.986 0
C 402 154458 111929 671574 24091374102 94108613 73.174 0
C 403 154458 111238 667428 23942644644 93523521 72.665 0
C 404 154458 111410 668460 23979665580 93676022 72.220 0
C 405 154458 111569 669414 24013888422 93790960 72.339 0
C 406 154458 111405 668430 23978589390 93687072 72.183 0
C 407 154458 111476 668856 23993871288 93734848 72.270 0
C 408 154458 111851 671106 24074585538 94042234 72.588 0
C 409 154458 111451 668706 23988490338 93697873 72.386 0
C 410 154457 111698 670188 24041654124 93902041 72.509 0
C 411 154458 111448 668688 23987844624 93715383 72.365 0
C 412 154458 111619 669714 24024650322 93841794 72.364 0
C 413 154458 111129 666774 23919183702 93431904 72.158 0
C 414 154458 111651 669906 24031537938 93864609 72.517 0
C 415 154458 111237 667422 23942429406 93516872 72.273 0
C 416 154458 111465 668790 23991503670 93721026 74.132 0
C 417 154458 111323 667938 23960939874 93594497 74.013 0
C 418 154458 111530 669180 24005494140 93769943 74.109 0
C 419 154457 111715 670290 24045313170 93914558 74.308 0
C 420 154458 111572 669432 24014534136 93799554 74.216 0
C 421 154458 111598 669588 24020130324 93848918 74.291 0
C 422 154458 111192 667152 23932743696 93488120 74.026 0
C 423 154458 111474 668844 23993440812 93706640 74.227 0
C 424 154458 111668 670008 24035196984 93881486 74.699 0
C 425 154458 111382 668292 23973638916 93661416 74.570 0
C 426 154458 111348 668088 23966320824 93602761 74.471 0
C 427 154458 111506 669036 24000328428 93747655 74.558 0
C 428 154457 111419 668514 23981602722 93661827 74.516 0
C 429 154458 111479 668874 23994517002 93735225 74.622 0
C 430 154458 111434 668604 23984831292 93690800 74.593 0
C 431 154458 111293 667758 23954482734 93578029 74.500 0
C 432 154458 111407 668442 23979019866 93662989 74.728 0
C 433 154458 111419 668514 23981602722 93684421 74.818 0
C 434 154458 111281 667686 23951899878 93556068 74.779 0
C 435 154458 111497 668982 23998391286 93753550 75.100 0
C 436 154458 111400 668400 23977513200 93667457 77.986 0
C 437 154457 111800 670800 24063608400 94002170 78.210 0
C 438 154458 111568 669408 24013673184 93797991 77.962 0
C 439 154458 111592 669552 24018838896 93808590 77.945 0
C 440 154458 111407 668442 23979019866 93665501 74.716 0
C 441 154458 111488 668928 23996454144 93741482 74.854 0
C 442 154458 111410 668460 23979665580 93678711 74.792 0
C 443 154458 111489 668934 23996669382 93738473 74.844 0
C 444 154458 111486 668916 23996023668 93724456 74.327 0
C 445 154458 111452 668712 23988705576 93714362 74.284 0
C 446 154457 111564 669384 24012812232 93804712 74.328 0
C 447 154458 111466 668796 23991718908 93725811 74.276 0
C 448 154458 111529 669174 24005278902 93755767 73.760 0
C 449 154458 111460 668760 23990427480 93698812 73.722 0
C 450 154458 111535 669210 24006570330 93765005 73.775 0
C 451 154458 111535 669210 24006570330 93755426 73.836 0
C 452 154458 111296 667776 23955128448 93574766 72.385 0
C 453 154458 111269 667614 23949317022 93546942 72.351 1 359621619600905
C 454 154458 111185 667110 23931237030 93490956 72.330 0
C 455 154457 111286 667716 23952976068 93557286 72.407 0
C 456 154458 111477 668862 23994086526 93716477 73.267 0
C 457 154458 111498 668988 23998606524 93736181 73.245 0
C 458 154458 111883 671298 24081473154 94048776 73.543 0
C 459 154458 111501 669006 23999252238 93749063 73.328 0
C 460 154458 111420 668520 23981817960 93669219 72.830 0
C 461 154458 111257 667542 23946734166 93552596 72.728 0
C 462 154458 111360 668160 23968903680 93629984 72.787 0
C 463 154458 111332 667992 23962877016 93594346 72.827 0
C 464 154457 111493 668958 23997530334 93737427 73.922 0
C 465 154458 111430 668580 23983970340 93679116 73.951 0
C 466 154458 111670 670020 24035627460 93886460 74.110 0
C 467 154458 111319 667914 23960078922 93595530 73.882 0
C 468 154458 111477 668862 23994086526 93725828 75.419 0
C 469 154458 111486 668916 23996023668 93733733 75.401 0
C 470 154458 111492 668952 23997315096 93735552 75.390 0
C 471 154458 111159 666954 23925640842 93453604 75.171 0
C 472 154458 111490 668940 23996884620 93735867 76.270 1 217233143608449
C 473 154457 111314 667884 23959002732 93599721 76.188 0
C 474 154458 111151 666906 23923918938 93466300 76.015 0
C 475 154458 111255 667530 23946303690 93545457 76.083 0
C 476 154458 111415 668490 23980741770 93657877 74.689 0
C 477 154458 111462 668772 23990857956 93722767 74.792 0
C 478 154458 111741 670446 24050909358 93955835 74.990 0
C 479 154458 111765 670590 24056075070 93971563 75.100 0
C 480 154458 111262 667572 23947810356 93535494 73.039 0
C 481 154458 111316 667896 23959433208 93588941 73.023 0
C 482 154457 111746 670476 24051985548 93948944 73.217 0
C 483 154458 111601 669606 24020776038 93844350 73.106 0
C 484 154458 111526 669156 24004633188 93757163 72.803 0
C 485 154458 111704 670224 24042945552 93903792 72.881 0
C 486 154458 111249 667494 23945012262 93524644 72.629 0
C 487 154458 111631 669786 24027233178 93854602 72.863 0
C 488 154458 111412 668472 23980096056 93674567 71.086 0
C 489 154458 111577 669462 24015610326 93802834 71.239 0
C 490 154458 111389 668334 23975145582 93657033 71.179 0
C 491 154457 111539 669234 24007431282 93783444 71.329 0
C 492 154458 111439 668634 23985907482 93669092 74.570 0
C 493 154458 111286 667716 23952976068 93565690 74.447 0
C 494 154458 111431 668586 23984185578 93693475 74.489 0
C 495 154458 111632 669792 24027448416 93842371 74.654 0
C 496 154458 111684 670104 24038640792 93884359 76.682 0
C 497 154458 111573 669438 24014749374 93803835 76.754 0
C 498 154458 111545 669270 24008722710 93789959 76.935 0
C 499 154458 111359 668154 23968688442 93620234 76.859 0
C 500 154457 111533 669198 24006139854 93782224 75.536 0
C 501 154458 111639 669834 24028955082 93870912 75.441 0
C 502 154458 111335 668010 23963522730 93607962 75.157 0
C 503 154458 111266 667596 23948671308 93545229 75.001 0
C 504 154458 111452 668712 23988705576 93680030 76.171 0
C 505 154458 111175 667050 23929084650 93455954 76.025 0
C 506 154458 111451 668706 23988490338 93693133 76.189 0
C 507 154458 111299 667794 23955774162 93571027 76.094 0
C 508 154457 111701 670206 24042299838 93909363 77.314 0
C 509 154458 111485 668910 23995808430 93727775 77.509 0
C 510 154458 111273 667638 23950177974 93549675 77.476 0
C 511 154458 111305 667830 23957065590 93579456 77.614 0
C 512 154458 111397 668382 23976867486 93654421 75.380 0
C 513 154458 111509 669054 24000974142 93755802 75.311 0
C 514 154458 111422 668532 23982248436 93688977 75.150 0
C 515 154458 111280 667680 23951684640 93556721 75.025 0
C 516 154458 111533 669198 24006139854 93777560 78.190 0
C 517 154457 111374 668244 23971917012 93654040 78.020 0
C 518 154458 111220 667320 23938770360 93502411 77.848 0
C 519 154458 111102 666612 23913372276 93419699 77.831 0
C 520 154458 111606 669636 24021852228 93841749 76.340 0
C 521 154458 111410 668460 23979665580 93674703 76.174 0
C 522 154458 111425 668550 23982894150 93685288 76.132 0
C 523 154458 111532 669192 24005924616 93754244 76.179 0
C 524 154458 111178 667068 23929730364 93460402 71.101 0
C 525 154458 111453 668718 23988920814 93701766 71.223 0
C 526 154457 111407 668442 23979019866 93654476 71.191 0
C 527 154458 111643 669858 24029816034 93878373 71.342 0
C 528 154458 111620 669720 24024865560 93851564 69.150 0
C 529 154458 111374 668244 23971917012 93643831 69.013 0
C 530 154458 111657 669942 24032829366 93873329 69.147 0
C 531 154458 111349 668094 23966536062 93613563 68.970 0
C 532 154458 111436 668616 23985261768 93673094 70.622 0
C 533 154458 111477 668862 23994086526 93731812 70.749 0
C 534 154458 111451 668706 23988490338 93693504 70.708 0
C 535 154457 111752 670512 24053276976 93942647 71.005 0
C 536 154458 111490 668940 23996884620 93744649 72.951 0
C 537 154458 111658 669948 24033044604 93884439 73.016 0
C 538 154458 111377 668262 23972562726 93636963 72.911 0
C 539 154458 111427 668562 23983324626 93696297 72.799 0
C 540 154458 111172 667032 23928438936 93490120 73.686 0
C 541 154458 111665 669990 24034551270 93894009 74.185 0
C 542 154458 111327 667962 23961800826 93603562 74.071 0
C 543 154458 111691 670146 24040147458 93907785 74.384 0
C 544 154457 111458 668748 23989997004 93722967 75.126 0
C 545 154458 111501 669006 23999252238 93737085 74.976 0
C 546 154458 111590 669540 24018408420 93798271 74.947 0
C 547 154458 111370 668220 23971056060 93638651 74.726 0
C 548 154458 111305 667830 23957065590 93572664 69.187 0
C 549 154458 111307 667842 23957496066 93580534 69.148 0
C 550 154458 111412 668472 23980096056 93666548 69.312 0
C 551 154458 111335 668010 23963522730 93592538 69.168 0
C 552 154458 111374 668244 23971917012 93638781 71.114 0
C 553 154457 111581 669486 24016471278 93821450 71.461 0
C 554 154458 111615 669690 24023789370 93841143 71.447 0
C 555 154458 111748 670488 24052416024 93936538 71.559 0
C 556 154458 111592 669552 24018838896 93825491 75.467 0
C 557 154458 111362 668172 23969334156 93612293 75.367 0
C 558 154458 111687 670122 24039286506 93907449 75.811 0
C 559 154458 111534 669204 24006355092 93778241 75.820 0
C 560 154458 111320 667920 23960294160 93591033 76.031 0
C 561 154458 111569 669414 24013888422 93830477 76.203 0
C 562 154457 111955 671730 24096970290 94128448 76.348 0
C 563 154458 111497 668982 23998391286 93743090 75.961 0
C 564 154458 111573 669438 24014749374 93813209 72.433 0
C 565 154458 111382 668292 23973638916 93645861 72.292 0
C 566 154458 111544 669264 24008507472 93783721 72.382 1 266727962295365
C 567 154458 111419 668514 23981602722 93678398 72.320 1 380571854379460
C 568 154458 111579 669474 24016040802 93809520 72.069 0
C 569 154458 111286 667716 23952976068 93559067 71.909 0
C 570 154458 111357 668142 23968257966 93627223 71.942 0
C 571 154457 111756 670536 24054137928 93957455 72.282 0
C 572 154458 111268 667608 23949101784 93550004 77.330 0
C 573 154458 111483 668898 23995377954 93724380 77.562 0
C 574 154458 111408 668448 23979235104 93676960 77.655 0
C 575 154458 111634 669804 24027878892 93858685 77.829 0
C 576 154458 111493 668958 23997530334 93729253 88.826 0
C 577 154458 111363 668178 23969549394 93634938 89.234 0
C 578 154458 111379 668274 23972993202 93648896 89.713 0
C 579 154458 111333 667998 23963092254 93611078 90.399 0
C 580 154457 111357 668142 23968257966 93613355 94.524 0
C 581 154458 111512 669072 24001619856 93745660 94.609 0
C 582 154458 111363 668178 23969549394 93627435 94.620 0
C 583 154458 111416 668496 23980957008 93670620 94.431 0
C 584 154458 111539 669234 24007431282 93778726 93.928 0
C 585 154458 111354 668124 23967612252 93629023 94.110 0
C 586 154458 111435 668610 23985046530 93693378 93.852 0
C 587 154458 111368 668208 23970625584 93621912 94.157 0
C 588 154458 111323 667938 23960939874 93609414 91.350 0
C 589 154457 111414 668484 23980526532 93658703 91.454 0
C 590 154458 111447 668682 23987629386 93679586 91.117 0
C 591 154458 111765 670590 24056075070 93952525 91.433 0
C 592 154458 111536 669216 24006785568 93773605 91.777 0
C 593 154458 111431 668586 23984185578 93687187 92.142 0
C 594 154458 111338 668028 23964168444 93588755 91.977 0
C 595 154458 111420 668520 23981817960 93670363 92.176 0
C 596 154458 111296 667776 23955128448 93576538 90.860 0
C 597 154458 111702 670212 24042515076 93920146 91.124 0
C 598 154457 111417 668502 23981172246 93662162 90.846 0
C 599 154458 111491 668946 23997099858 93748387 91.245 0
C 600 154458 111625 669750 24025941750 93857586 97.033 0
C 601 154458 111537 669222 24007000806 93776083 97.187 0
C 602 154458 111589 669534 24018193182 93806066 96.930 0
C 603 154458 111402 668412 23977943676 93646427 96.949 0
C 604 154458 111531 669186 24005709378 93770751 102.986 0
C 606 154458 111264 667584 23948240832 93538314 102.585 0
C 605 154458 111763 670578 24055644594 93958394 103.133 0
C 607 154457 111519 669114 24003126522 93745925 102.734 0
C 608 154458 111288 667728 23953406544 93556303 100.953 0
C 609 154458 111372 668232 23971486536 93632790 100.911 0
C 610 154458 111431 668586 23984185578 93680103 101.055 0
C 611 154458 111640 669840 24029170320 93864798 101.281 0
C 612 154458 111749 670494 24052631262 93953616 101.217 0
C 614 154458 111330 667980 23962446540 93594772 100.901 0
C 613 154458 111778 670668 24058873164 93982435 101.310 0
C 615 154458 111419 668514 23981602722 93687497 100.736 0
C 616 154457 111271 667626 23949747498 93537491 101.007 0
C 617 154458 111139 666834 23921336082 93449121 100.809 0
C 618 154458 111510 669060 24001189380 93765059 101.316 0
C 619 154458 111335 668010 23963522730 93612134 101.322 0
C 620 154458 111552 669312 24010229376 93777382 102.076 0
C 621 154458 111307 667842 23957496066 93553869 101.982 0
C 622 154458 111637 669822 24028524606 93862608 102.045 0
C 623 154458 111476 668856 23993871288 93737761 102.027 0
C 624 154458 111469 668814 23992364622 93716561 101.225 0
C 625 154457 111252 667512 23945657976 93546690 100.711 1 320891040123800
C 626 154458 111253 667518 23945873214 93521897 100.368 0
C 627 154458 111362 668172 23969334156 93627988 100.631 0
C 628 154458 111141 666846 23921766558 93439333 96.025 0
C 629 154458 111371 668226 23971271298 93636591 95.781 0
C 630 154458 111444 668664 23986983672 93697282 96.673 0
C 631 154458 111691 670146 24040147458 93913473 96.405 0
C 632 154458 111482 668892 23995162716 93736201 115.493 0
C 633 154457 111844 671064 24073078872 94047602 114.584 0
C 634 154458 111344 668064 23965459872 93624332 114.602 0
C 635 154458 111678 670068 24037349364 93875378 116.336 0
C 636 154458 111441 668646 23986337958 93693576 360.962 0
C 637 154458 111447 668682 23987629386 93683686 360.102 0
C 638 154458 111589 669534 24018193182 93808888 360.692 0
C 639 154458 111499 668994 23998821762 93736137 358.844 0
C 640 154458 111331 667986 23962661778 93590309 88.370 0
C 641 154458 111363 668178 23969549394 93610848 88.322 0
C 642 154457 111460 668760 23990427480 93720273 88.630 0
C 643 154458 111409 668454 23979450342 93662345 88.795 0
C 644 154458 111496 668976 23998176048 93730362 83.048 0
C 645 154458 111517 669102 24002696046 93756299 83.270 0
C 646 154458 111477 668862 23994086526 93721405 83.345 0
C 647 154458 111351 668106 23966966538 93604368 83.472 0
C 648 154458 111463 668778 23991073194 93707528 95.254 0
C 649 154458 111424 668544 23982678912 93682685 95.435 0
C 650 154458 111662 669972 24033905556 93881937 96.315 0
C 651 154457 111577 669462 24015610326 93824676 98.329 0
C 652 154458 111806 670836 24064899828 94004868 112.283 0
C 653 154458 111482 668892 23995162716 93749749 112.021 0
C 654 154458 111442 668652 23986553196 93701673 112.158 1 398497697197055
C 655 154458 111383 668298 23973854154 93647662 111.555 0
C 656 154458 111255 667530 23946303690 93550638 108.827 0
C 657 154458 111205 667230 23935541790 93500816 108.559 0
C 658 154458 111447 668682 23987629386 93706950 109.683 0
C 659 154458 111153 666918 23924349414 93440337 109.491 0
C 661 154458 111333 667998 23963092254 93629562 107.807 0
C 660 154457 111397 668382 23976867486 93660127 108.015 0
C 662 154458 111689 670134 24039716982 93892082 107.620 0
C 663 154458 111307 667842 23957496066 93579092 107.335 0
C 665 154458 111510 669060 24001189380 93752696 105.914 0
C 664 154458 111516 669096 24002480808 93759659 105.952 0
C 666 154458 111528 669168 24005063664 93757379 105.468 0
C 667 154458 111410 668460 23979665580 93666500 104.490 0
C 669 154457 111647 669882 24030676986 93865305 112.994 0
C 668 154458 111834 671004 24070926492 94032945 113.297 0
C 670 154458 111612 669672 24023143656 93823965 114.593 0
C 671 154458 111466 668796 23991718908 93729407 114.324 0
C 673 154458 111378 668268 23972777964 93637295 120.965 0
C 672 154458 111284 667704 23952545592 93569258 121.414 0
C 674 154458 111802 670812 24064038876 93988809 121.700 0
C 675 154458 111316 667896 23959433208 93581722 120.359 0
C 676 154458 111457 668742 23989781766 93708879 115.626 0
C 677 154458 111398 668388 23977082724 93660678 115.612 0
C 678 154457 111432 668592 23984400816 93673252 115.985 0
C 679 154458 111517 669102 24002696046 93781219 116.530 0
C 680 154458 111418 668508 23981387484 93689653 115.124 0
C 681 154458 111380 668280 23973208440 93645391 115.427 0
C 682 154458 111533 669198 24006139854 93768231 114.712 0
C 683 154458 111394 668364 23976221772 93648388 114.897 0
C 684 154458 111439 668634 23985907482 93701025 107.316 0
C 685 154458 111367 668202 23970410346 93638059 107.123 0
C 686 154458 111262 667572 23947810356 93540421 107.524 0
C 687 154457 111574 669444 24014964612 93803848 108.331 0
C 688 154458 111620 669720 24024865560 93841355 113.074 0
C 689 154458 111688 670128 24039501744 93916049 113.488 0
C 690 154458 111552 669312 24010229376 93787096 112.072 0
C 691 154458 111392 668352 23975791296 93654127 111.586 0
C 692 154458 111650 669900 24031322700 93854862 97.797 0
C 693 154458 111416 668496 23980957008 93669949 97.573 0
C 694 154458 111094 666564 23911650372 93407586 96.595 0
C 695 154458 111470 668820 23992579860 93731418 96.241 0
C 696 154457 111545 669270 24008722710 93800632 237.252 0
C 697 154458 111353 668118 23967397014 93620277 237.551 0
C 698 154458 111694 670164 24040793172 93922132 413.026 0
C 699 154458 111352 668112 23967181776 93615485 414.740 0
C 700 154458 111556 669336 24011090328 93798465 1066.577 0
C 701 154458 111618 669708 24024435084 93837577 1066.773 0
C 702 154458 111269 667614 23949317022 93559713 894.214 1 211434603115495
C 703 154458 111422 668532 23982248436 93678971 894.264 0
C 704 154458 111210 667260 23936617980 93505574 219.147 0
C 705 154457 111334 668004 23963307492 93607315 219.712 0
C 706 154458 111382 668292 23973638916 93633819 219.020 0
C 707 154458 111301 667806 23956204638 93568229 218.928 0
C 708 154458 111675 670050 24036703650 93888855 212.508 0
C 709 154458 111623 669738 24025511274 93843461 212.658 0
C 710 154458 111650 669900 24031322700 93867906 213.112 0
C 711 154458 111213 667278 23937263694 93477016 212.348 0
C 712 154458 111779 670674 24059088402 93978719 367.977 0
C 713 154458 111457 668742 23989781766 93719689 367.661 0
C 714 154457 111494 668964 23997745572 93729782 366.285 0
C 715 154458 111426 668556 23983109388 93670336 365.942 0
C 716 154458 111574 669444 24014964612 93807164 233.076 0
C 717 154458 111406 668436 23978804628 93682297 233.180 0
C 718 154458 111707 670242 24043591266 93922410 233.506 0
C 719 154458 111320 667920 23960294160 93591670 233.243 0
C 720 154458 111382 668292 23973638916 93653735 357.649 0
C 721 154458 111322 667932 23960724636 93584638 357.573 0
C 722 154458 111609 669654 24022497942 93836467 357.637 0
C 723 154457 111330 667980 23962446540 93596605 357.528 0
C 724 154458 111185 667110 23931237030 93473876 642.991 0
C 725 154458 111504 669024 23999897952 93758348 678.259 0
C 726 154458 111635 669810 24028094130 93860076 678.625 0
C 727 154458 111612 669672 24023143656 93842070 678.602 0
C 728 154458 111681 670086 24037995078 93905908 888.718 0
C 729 154458 111823 670938 24068558874 94020477 854.081 0
C 730 154458 111396 668376 23976652248 93663057 853.425 0
C 731 154458 111261 667566 23947595118 93552540 853.300 0
C 732 154457 111525 669150 24004417950 93776805 270.487 0
C 733 154458 111410 668460 23979665580 93654603 270.439 0
C 734 154458 111536 669216 24006785568 93773195 270.520 0
C 735 154458 111343 668058 23965244634 93619993 270.548 0
C 736 154458 111206 667236 23935757028 93507458 693.116 0
C 737 154458 111514 669084 24002050332 93751810 693.480 0
C 738 154458 111507 669042 24000543666 93724935 774.419 0
C 739 154458 111487 668922 23996238906 93725080 774.476 0
C 740 154458 111263 667578 23948025594 93526658 318.882 0
C 741 154457 111333 667998 23963092254 93599859 318.929 0
C 742 154458 111102 666612 23913372276 93391732 237.838 0
C 743 154458 111073 666438 23907130374 93390399 237.825 0
C 744 154458 111464 668784 23991288432 93714978 648.209 0
C 745 154458 111421 668526 23982033198 93684634 648.312 0
C 746 154458 111473 668838 23993225574 93722359 648.402 0
C 747 154458 111561 669366 24012166518 93794869 648.578 0
C 748 154458 111330 667980 23962446540 93603279 201.547 0
C 749 154458 111325 667950 23961370350 93603171 201.624 1 364028145802774
C 750 154457 111286 667716 23952976068 93554297 201.754 0
C 751 154458 111662 669972 24033905556 93870645 202.236 0
C 752 154458 111237 667422 23942429406 93533504 561.463 0
C 753 154458 111527 669162 24004848426 93742758 561.520 0
C 754 154458 111563 669378 24012596994 93792355 561.903 0
C 755 154458 111161 666966 23926071318 93455612 561.211 0
C 756 154458 111645 669870 24030246510 93868171 249.909 0
C 757 154458 111484 668904 23995593192 93741574 250.083 0
C 758 154457 111614 669684 24023574132 93825861 391.609 0
C 759 154458 111396 668376 23976652248 93631782 391.347 0
C 760 154458 111259 667554 23947164642 93528708 728.173 0
C 761 154458 111434 668604 23984831292 93700445 728.138 0
C 762 154458 111322 667932 23960724636 93602772 586.808 0
C 763 154458 111374 668244 23971917012 93641219 586.787 0
C 764 154458 111428 668568 23983539864 93704085 2006.963 0
C 765 154458 111490 668940 23996884620 93746754 2007.614 0
C 766 154458 111567 669402 24013457946 93806385 2007.719 0
C 767 154457 111555 669330 24010875090 93776491 2007.849 0
C 768 154458 111354 668124 23967612252 93617888 1658.404 0
C 769 154458 111477 668862 23994086526 93713779 1658.096 0
C 770 154458 111239 667434 23942859882 93517575 1657.903 0
C 771 154458 111497 668982 23998391286 93752045 1658.399 0
C 772 154458 111505 669030 24000113190 93748806 149.756 0
C 773 154458 111363 668178 23969549394 93646563 149.511 0
C 774 154458 111334 668004 23963307492 93623992 149.566 0
C 775 154458 111319 667914 23960078922 93587589 149.555 0
C 776 154457 111266 667596 23948671308 93549296 1177.347 0
C 777 154458 111564 669384 24012812232 93791894 1177.635 0
C 778 154458 111234 667404 23941783692 93515008 1177.517 0
C 779 154458 111395 668370 23976437010 93658487 1177.755 0
C 780 154458 111540 669240 24007646520 93781146 541.172 0
C 781 154458 111409 668454 23979450342 93677497 540.861 0
C 782 154458 111240 667440 23943075120 93513293 540.481 0
C 783 154458 111518 669108 24002911284 93751624 541.027 0
C 784 154458 111258 667548 23946949404 93530338 164.132 0
C 785 154457 111719 670314 24046174122 93935202 164.846 0
C 786 154458 111436 668616 23985261768 93683092 164.558 0
C 787 154458 111604 669624 24021421752 93832137 164.916 0
C 788 154458 111372 668232 23971486536 93633916 196.155 0
C 789 154458 111746 670476 24051985548 93946523 197.259 0
C 790 154458 111435 668610 23985046530 93694239 227.207 0
C 791 154458 111512 669072 24001619856 93758592 227.258 0
C 792 154458 111630 669780 24027017940 93843693 245.248 0
C 793 154458 111534 669204 24006355092 93766545 244.351 0
C 794 154457 111623 669738 24025511274 93853346 214.022 0
C 795 154458 111550 669300 24009798900 93779268 214.129 0
C 796 154458 111528 669168 24005063664 93772289 201.877 0
C 797 154458 111411 668466 23979880818 93650843 201.829 0
C 798 154458 111188 667128 23931882744 93487870 201.868 0
C 799 154458 111688 670128 24039501744 93879106 202.532 0
C 800 154458 111524 669144 24004202712 93766739 266.639 0
C 801 154458 111525 669150 24004417950 93769577 266.717 0
C 802 154458 111266 667596 23948671308 93549785 266.607 0
C 803 154457 111503 669018 23999682714 93741529 266.762 0
C 804 154458 111618 669708 24024435084 93846944 449.198 0
C 805 154458 111620 669720 24024865560 93839551 449.141 0
C 806 154458 111446 668676 23987414148 93698272 599.429 0
C 807 154458 111401 668406 23977728438 93656559 599.394 0
C 808 154458 111316 667896 23959433208 93597288 814.455 0
C 809 154458 111469 668814 23992364622 93709873 814.696 0
C 810 154458 111301 667806 23956204638 93568285 664.138 0
C 811 154458 111384 668304 23974069392 93661218 664.324 0
C 812 154457 111638 669828 24028739844 93863713 224.031 0
C 813 154458 111212 667272 23937048456 93494639 223.424 0
C 814 154458 111497 668982 23998391286 93741407 223.817 0
C 815 154458 111720 670320 24046389360 93931889 224.173 0
C 816 154458 111375 668250 23972132250 93631827 181.082 0
C 817 154458 111193 667158 23932958934 93461014 180.865 0
C 818 154458 111184 667104 23931021792 93484320 180.783 0
C 819 154458 111165 666990 23926932270 93453086 180.949 0
C 820 154458 111323 667938 23960939874 93591894 451.964 0
C 821 154457 111436 668616 23985261768 93684201 452.198 0
C 822 154458 111252 667512 23945657976 93537909 452.053 0
C 823 154458 111462 668772 23990857956 93712771 452.263 0
C 824 154458 111618 669708 24024435084 93848947 482.305 0
C 825 154458 111571 669426 24014318898 93811240 482.481 0
C 826 154458 111266 667596 23948671308 93541190 526.105 0
C 827 154458 111301 667806 23956204638 93587705 526.069 0
C 828 154458 111639 669834 24028955082 93871635 453.015 0
C 829 154458 111177 667062 23929515126 93459561 452.411 0
C 830 154457 111587 669522 24017762706 93817119 408.990 0
C 831 154458 111705 670230 24043160790 93916404 409.170 0
C 832 154458 111332 667992 23962877016 93622834 824.324 0
C 833 154458 111592 669552 24018838896 93821086 824.817 1 273282159669855
C 834 154458 111407 668442 23979019866 93683670 824.604 0
C 835 154458 111298 667788 23955558924 93568544 824.527 0
C 836 154458 111522 669132 24003772236 93768885 3603.356 0
C 837 154458 111428 668568 23983539864 93667799 3603.457 0
C 838 154458 111528 669168 24005063664 93752891 3603.627 0
C 839 154457 111469 668814 23992364622 93703237 3603.663 0
C 840 154458 111386 668316 23974499868 93658950 1016.142 0
C 841 154458 111483 668898 23995377954 93732786 1023.728 0
C 842 154458 111775 670650 24058227450 93967784 1023.998 0
C 843 154458 111657 669942 24032829366 93899555 1023.952 0
C 844 154458 111385 668310 23974284630 93644193 2677.531 0
C 845 154458 111359 668154 23968688442 93619644 2670.256 0
C 846 154458 111389 668334 23975145582 93669904 2670.454 0
C 847 154458 111157 666942 23925210366 93443659 2670.247 0
C 848 154457 111297 667782 23955343686 93575384 3498.332 0
C 849 154458 111450 668700 23988275100 93718583 3499.008 0
C 850 154458 111293 667758 23954482734 93559189 3498.726 0
C 851 154458 111478 668868 23994301764 93697239 3499.167 0
C 852 154458 111499 668994 23998821762 93726446 2296.786 0
C 853 154458 111242 667452 23943505596 93562111 2296.128 0
C 854 154458 111671 670026 24035842698 93898370 2298.070 0
C 855 154458 111347 668082 23966105586 93637169 2297.765 0
C 856 154458 111226 667356 23940061788 93515088 304.401 0
C 857 154457 111317 667902 23959648446 93601949 304.554 0
C 858 154458 111378 668268 23972777964 93638842 302.980 0
C 859 154458 111228 667368 23940492264 93525563 303.152 0
C 860 154458 111649 669894 24031107462 93873617 1074.812 0
C 861 154458 111230 667380 23940922740 93521215 1074.381 0
C 862 154458 111622 669732 24025296036 93858494 1075.038 0
C 863 154458 111560 669360 24011951280 93801192 1074.694 0
C 864 154458 111704 670224 24042945552 93917547 1115.195 0
C 865 154458 111468 668808 23992149384 93721633 1115.071 0
C 866 154457 111569 669414 24013888422 93801172 1115.128 0
C 867 154458 111257 667542 23946734166 93529864 1114.890 0
C 868 154458 111503 669018 23999682714 93738605 2032.959 0
C 869 154458 111372 668232 23971486536 93634523 2032.875 0
C 870 154458 111676 670056 24036918888 93904881 2033.306 0
C 871 154458 111405 668430 23978589390 93670107 2032.990 0
C 872 154458 111644 669864 24030031272 93846172 782.558 0
C 873 154458 111442 668652 23986553196 93694289 782.483 0
C 874 154458 111505 669030 24000113190 93749106 1833.108 0
C 875 154457 111374 668244 23971917012 93635178 2282.757 0
C 876 154458 111395 668370 23976437010 93669428 1674.886 0
C 877 154458 111234 667404 23941783692 93522655 1674.760 0
C 878 154458 111345 668070 23965675110 93595413 624.410 0
C 879 154458 111550 669300 24009798900 93805303 174.920 0
C 880 154458 111364 668184 23969764632 93624258 802.529 0
C 881 154458 111749 670494 24052631262 93966027 802.985 0
C 882 154458 111481 668886 23994947478 93719687 802.652 0
C 883 154457 111688 670128 24039501744 93889316 802.808 0
C 884 154458 111368 668208 23970625584 93645314 303.574 0
C 885 154458 111336 668016 23963737968 93599817 303.628 1 188764124771670
C 886 154458 111411 668466 23979880818 93665716 303.712 0
C 887 154458 111419 668514 23981602722 93663332 303.801 0
C 888 154458 111400 668400 23977513200 93665524 451.810 0
C 889 154458 111576 669456 24015395088 93785565 452.031 0
C 890 154458 111291 667746 23954052258 93589153 451.765 0
C 891 154458 111367 668202 23970410346 93636050 451.881 0
C 892 154457 111712 670272 24044667456 93898819 1160.752 0
C 893 154458 111378 668268 23972777964 93647168 1160.369 0
C 894 154458 111374 668244 23971917012 93627690 1543.123 0
C 895 154458 111219 667314 23938555122 93514245 1543.352 0
C 896 154458 111401 668406 23977728438 93671599 1125.255 0
C 897 154458 111355 668130 23967827490 93631558 1125.185 0
C 898 154458 111415 668490 23980741770 93693784 742.668 0
C 899 154458 111546 669276 24008937948 93778532 766.784 0
C 900 154458 111576 669456 24015395088 93822034 192.537 0
C 901 154457 111526 669156 24004633188 93756578 192.568 0
C 902 154458 111783 670698 24059949354 93980812 192.796 0
C 903 154458 111199 667194 23934250362 93489736 168.358 0
C 904 154458 111575 669450 24015179850 93818218 494.718 0
C 905 154458 111573 669438 24014749374 93797248 494.664 0
C 906 154458 111389 668334 23975145582 93640139 494.568 0
C 907 154458 111509 669054 24000974142 93753561 494.762 0
C 908 154458 111643 669858 24029816034 93855495 287.097 0
C 909 154458 111320 667920 23960294160 93603165 286.756 0
C 910 154457 111567 669402 24013457946 93807540 287.207 0
C 911 154458 111441 668646 23986337958 93718366 287.095 0
C 912 154458 111695 670170 24041008410 93898642 451.847 0
C 913 154458 111418 668508 23981387484 93682194 451.722 0
C 914 154458 111379 668274 23972993202 93641693 451.537 0
C 915 154458 111210 667260 23936617980 93507286 451.509 0
C 916 154458 111528 669168 24005063664 93780592 832.050 0
C 917 154458 111285 667710 23952760830 93557042 831.967 0
C 918 154458 111454 668724 23989136052 93695725 832.215 0
C 919 154457 111583 669498 24016901754 93811976 832.643 0
C 920 154458 111379 668274 23972993202 93636380 824.740 0
C 921 154458 111336 668016 23963737968 93591840 873.448 0
C 922 154458 111365 668190 23969979870 93618641 873.318 0
C 923 154458 111243 667458 23943720834 93517883 873.462 0
C 924 154458 111627 669762 24026372226 93836389 410.161 0
C 925 154458 111418 668508 23981387484 93676750 361.234 0
C 926 154458 111517 669102 24002696046 93741434 361.456 0
C 927 154458 111328 667968 23962016064 93592563 1171.433 0
C 928 154457 111363 668178 23969549394 93624184 960.084 0
C 929 154458 111518 669108 24002911284 93766718 960.341 0
C 930 154458 111598 669588 24020130324 93830262 960.507 0
C 931 154458 111266 667596 23948671308 93556088 149.569 0
C 932 154458 111529 669174 24005278902 93763974 557.201 0
C 933 154458 111409 668454 23979450342 93667669 557.067 0
C 934 154458 111398 668388 23977082724 93652820 557.164 0
C 935 154458 111375 668250 23972132250 93622570 557.140 0
C 936 154458 111357 668142 23968257966 93632003 573.078 0
C 937 154457 111610 669660 24022713180 93843157 573.316 0
C 938 154458 111342 668052 23965029396 93602700 573.230 0
C 939 154458 111786 670716 24060595068 93983514 574.338 0
C 940 154458 111629 669774 24026802702 93834346 221.025 0
C 941 154458 111735 670410 24049617930 93932156 882.302 0
C 942 154458 111416 668496 23980957008 93696297 881.995 0
C 943 154458 111579 669474 24016040802 93823974 882.002 1 371879614928535
C 944 154458 111260 667560 23947379880 93546457 825.669 0
C 945 154458 111393 668358 23976006534 93654775 164.850 0
C 946 154457 111536 669216 24006785568 93782233 798.263 0
C 947 154458 111425 668550 23982894150 93698578 798.680 0
C 948 154458 111605 669630 24021636990 93815284 2064.751 0
C 949 154458 111516 669096 24002480808 93763542 2064.610 0
C 950 154458 111504 669024 23999897952 93748092 1431.394 0
C 951 154458 111547 669282 24009153186 93770071 1491.425 0
C 952 154458 111335 668010 23963522730 93612276 1104.872 0
C 953 154458 111420 668520 23981817960 93669190 1105.046 0
C 954 154458 111479 668874 23994517002 93748279 1104.969 0
C 955 154457 111429 668574 23983755102 93672043 1044.582 0
C 956 154458 111479 668874 23994517002 93737773 2640.533 0
C 957 154458 111568 669408 24013673184 93802283 2641.213 0
C 958 154458 111879 671274 24080612202 94056969 2641.677 0
C 959 154458 111629 669774 24026802702 93836736 2641.933 0
C 960 154458 111521 669126 24003556998 93762702 1261.901 0
C 961 154458 111292 667752 23954267496 93555682 1261.494 0
C 962 154458 111418 668508 23981387484 93665575 1261.360 0
C 963 154458 111203 667218 23935111314 93493082 1261.072 0
C 964 154457 111399 668394 23977297962 93644563 229.390 0
C 965 154458 111443 668658 23986768434 93692590 229.459 0
C 966 154458 111631 669786 24027233178 93865264 524.716 0
C 967 154458 111304 667824 23956850352 93570182 524.250 0
C 968 154458 111665 669990 24034551270 93861798 1676.458 0
C 969 154458 111661 669966 24033690318 93866854 1676.474 0
C 970 154458 111606 669636 24021852228 93836169 1381.360 0
C 971 154458 111294 667764 23954697972 93576464 1402.951 0
C 972 154458 111598 669588 24020130324 93813941 505.755 0
C 973 154457 111334 668004 23963307492 93583612 505.496 0
C 974 154458 111282 667692 23952115116 93559140 505.486 0
C 975 154458 111267 667602 23948886546 93560363 483.693 0
C 976 154458 111423 668538 23982463674 93677096 2657.203 0
C 977 154458 111557 669342 24011305566 93797174 2657.677 0
C 978 154458 111468 668808 23992149384 93696432 2658.246 0
C 979 154458 111508 669048 24000758904 93749309 2658.443 0
C 980 154458 111185 667110 23931237030 93472097 1018.353 0
C 981 154458 111261 667566 23947595118 93546466 1736.380 0
C 982 154457 111641 669846 24029385558 93863034 1737.280 0
C 983 154458 111450 668700 23988275100 93707066 1737.007 0
C 984 154458 111559 669354 24011736042 93797285 1185.832 0
C 985 154458 111634 669804 24027878892 93852670 467.825 0
C 986 154458 111141 666846 23921766558 93447272 491.277 0
C 987 154458 111536 669216 24006785568 93770775 491.515 0
C 988 154458 111526 669156 24004633188 93760853 968.389 0
C 989 154458 111518 669108 24002911284 93768279 968.646 0
C 990 154458 111217 667302 23938124646 93511634 943.139 0
C 991 154457 111379 668274 23972993202 93640337 943.629 0
C 992 154458 111444 668664 23986983672 93693096 725.757 0
C 993 154458 111412 668472 23980096056 93676109 725.639 0
C 994 154458 111387 668322 23974715106 93627546 725.756 0
C 995 154458 111555 669330 24010875090 93770042 726.301 0
C 996 154458 111645 669870 24030246510 93879151 1789.478 0
C 997 154458 111571 669426 24014318898 93787397 1789.385 0
C 998 154458 111450 668700 23988275100 93688331 1789.503 0
C 999 154458 111462 668772 23990857956 93719490 1789.430 1 357953638428915
C 1000 154457 111412 668472 23980096056 93684598 198.000 0
C 1001 154458 111463 668778 23991073194 93710351 198.185 0
C 1002 154458 111399 668394 23977297962 93653713 197.743 0
C 1003 154458 111392 668352 23975791296 93662329 197.780 0
C 1004 154458 111337 668022 23963953206 93598832 876.439 0
C 1005 154458 111225 667350 23939846550 93521062 874.004 0
C 1006 154458 111548 669288 24009368424 93773709 870.678 0
C 1007 154458 111478 668868 23994301764 93694120 867.118 0
C 1008 154457 111644 669864 24030031272 93870497 60.309 0
C 1009 154458 111410 668460 23979665580 93672986 60.219 0
C 1010 154458 111274 667644 23950393212 93551518 60.524 0
C 1011 154458 111133 666798 23920044654 93431690 60.895 0
C 1012 154458 111265 667590 23948456070 93540814 63.187 0
C 1013 154458 111511 669066 24001404618 93767843 63.305 0
C 1014 154458 111440 668640 23986122720 93697980 63.204 0
C 1015 154458 111357 668142 23968257966 93632997 62.933 0
C 1016 154458 111530 669180 24005494140 93783599 64.615 0
C 1017 154457 111394 668364 23976221772 93653926 64.840 0
C 1018 154458 111466 668796 23991718908 93722509 65.153 0
C 1019 154458 111292 667752 23954267496 93576753 65.354 0
C 1020 154458 111575 669450 24015179850 93813175 66.228 0
C 1021 154458 111359 668154 23968688442 93640212 65.955 0
C 1022 154458 111446 668676 23987414148 93693838 65.621 0
C 1023 154458 111751 670506 24053061738 93946736 65.760 0
C 1024 154458 111317 667902 23959648446 93588555 65.572 0
C 1025 154458 111504 669024 23999897952 93732707 65.708 0
C 1026 154457 111338 668028 23964168444 93595498 65.642 0
C 1027 154458 111570 669420 24014103660 93786953 65.913 0
C 1028 154458 111349 668094 23966536062 93634828 68.105 0
C 1029 154458 111430 668580 23983970340 93686414 68.411 0
C 1030 154458 111590 669540 24018408420 93809080 68.844 0
C 1031 154458 111343 668058 23965244634 93598191 68.897 0
C 1032 154458 111650 669900 24031322700 93887278 72.345 0
C 1033 154458 111362 668172 23969334156 93634661 72.012 0
C 1034 154458 111490 668940 23996884620 93734862 71.833 0
C 1035 154457 111820 670920 24067913160 94009701 71.734 0
C 1036 154458 111589 669534 24018193182 93802426 69.666 0
C 1037 154458 111682 670092 24038210316 93908268 69.851 0
C 1038 154458 111458 668748 23989997004 93714681 70.093 0
C 1039 154458 111466 668796 23991718908 93718501 70.149 0
C 1040 154458 111269 667614 23949317022 93566079 71.674 0
C 1041 154458 111521 669126 24003556998 93772560 72.212 0
C 1042 154458 111204 667224 23935326552 93499625 72.858 0
C 1043 154458 111535 669210 24006570330 93782586 74.154 0
C 1044 154457 111575 669450 24015179850 93801254 105.096 0
C 1045 154458 111408 668448 23979235104 93674412 105.355 0
C 1046 154458 111610 669660 24022713180 93830183 106.799 0
C 1047 154458 111408 668448 23979235104 93666341 109.478 0
C 1048 154458 111302 667812 23956419876 93570368 113.104 0
C 1049 154458 111320 667920 23960294160 93596945 112.581 0
C 1050 154458 111585 669510 24017332230 93813993 111.759 0
C 1051 154458 111441 668646 23986337958 93678177 111.384 0
C 1052 154458 111462 668772 23990857956 93693138 104.561 0
C 1053 154457 111564 669384 24012812232 93804584 104.071 0
C 1054 154458 111482 668892 23995162716 93732910 103.754 0
C 1055 154458 111502 669012 23999467476 93749032 102.170 0
C 1056 154458 111359 668154 23968688442 93616279 98.071 0
C 1057 154458 111340 668040 23964598920 93612288 98.261 0
C 1058 154458 111645 669870 24030246510 93873831 98.610 0
C 1059 154458 111643 669858 24029816034 93855048 99.597 0
C 1060 154458 111320 667920 23960294160 93599929 101.727 0
C 1061 154458 111499 668994 23998821762 93753697 101.855 0
C 1062 154457 111816 670896 24067052208 94016845 102.983 0
C 1063 154458 111501 669006 23999252238 93743387 103.321 0
C 1064 154458 111408 668448 23979235104 93660255 101.704 0
C 1065 154458 111658 669948 24033044604 93862829 102.027 0
C 1066 154458 111515 669090 24002265570 93753522 101.565 0
C 1067 154458 111240 667440 23943075120 93511706 102.264 0
C 1068 154458 111372 668232 23971486536 93638041 105.157 0
C 1069 154458 111387 668322 23974715106 93657304 105.231 0
C 1070 154458 111383 668298 23973854154 93660084 104.540 0
C 1071 154457 111447 668682 23987629386 93701290 103.649 0
C 1072 154458 111234 667404 23941783692 93534460 106.307 0
C 1073 154458 111729 670374 24048326502 93926423 106.752 0
C 1074 154458 111579 669474 24016040802 93798452 107.507 0
C 1075 154458 111722 670332 24046819836 93932156 108.163 0
C 1076 154458 111439 668634 23985907482 93696343 103.316 0
C 1077 154458 111242 667452 23943505596 93526725 102.722 0
C 1078 154458 111373 668238 23971701774 93639877 102.211 0
C 1079 154458 110960 665760 23882808480 93310382 101.913 0
C 1080 154457 111337 668022 23963953206 93594295 113.298 0
C 1081 154458 111371 668226 23971271298 93650897 113.825 0
C 1082 154458 111437 668622 23985477006 93692258 113.950 0
C 1083 154458 111518 669108 24002911284 93763375 115.109 0
C 1084 154458 111349 668094 23966536062 93606230 118.127 0
C 1085 154458 111351 668106 23966966538 93615343 118.491 0
C 1086 154458 111457 668742 23989781766 93703172 119.177 0
C 1087 154458 111606 669636 24021852228 93823072 120.421 0
C 1088 154458 111323 667938 23960939874 93618618 601.589 0
C 1089 154457 111390 668340 23975360820 93665148 602.313 0
C 1090 154458 111316 667896 23959433208 93585644 605.000 0
C 1091 154458 111547 669282 24009153186 93789519 611.277 0
C 1092 154458 111439 668634 23985907482 93698034 863.903 0
C 1093 154458 111467 668802 23991934146 93718901 862.678 0
C 1094 154458 111477 668862 23994086526 93723633 859.500 0
C 1095 154458 111664 669984 24034336032 93889151 849.118 0
C 1096 154458 111497 668982 23998391286 93730625 89.113 0
C 1097 154458 111837 671022 24071572206 94024600 89.764 0
C 1098 154457 111429 668574 23983755102 93702879 89.746 0
C 1099 154458 111485 668910 23995808430 93731116 90.573 0
C 1100 154458 111485 668910 23995808430 93726788 94.606 0
C 1101 154458 111523 669138 24003987474 93750333 94.811 0
C 1102 154458 111631 669786 24027233178 93863623 94.440 0
C 1103 154458 111301 667806 23956204638 93575094 93.813 0
C 1104 154458 111629 669774 24026802702 93854624 93.260 0
C 1105 154458 111674 670044 24036488412 93887574 93.819 0
C 1106 154458 111121 666726 23917461798 93427129 93.184 0
C 1107 154457 111534 669204 24006355092 93774008 93.730 0
C 1108 154458 111344 668064 23965459872 93606675 98.631 0
C 1109 154458 111576 669456 24015395088 93812645 99.594 0
C 1110 154458 111565 669390 24013027470 93803735 99.432 0
C 1111 154458 111733 670398 24049187454 93937291 100.005 0
C 1112 154458 111825 670950 24068989350 94013476 103.289 0
C 1113 154458 111694 670164 24040793172 93912174 103.581 0
C 1114 154458 111497 668982 23998391286 93739485 103.423 1 309876290215749
C 1115 154458 111422 668532 23982248436 93684135 103.043 0
C 1116 154457 111276 667656 23950823688 93553793 106.977 0
C 1117 154458 111309 667854 23957926542 93583575 106.599 0
C 1118 154458 111455 668730 23989351290 93710988 106.177 0
C 1119 154458 111223 667338 23939416074 93503369 105.470 0
C 1120 154458 111280 667680 23951684640 93557736 92.511 0
C 1121 154458 111301 667806 23956204638 93577147 92.193 0
C 1122 154458 111576 669456 24015395088 93800485 92.777 0
C 1123 154458 111603 669618 24021206514 93822526 93.053 0
C 1124 154458 111438 668628 23985692244 93701447 88.603 0
C 1125 154457 111244 667464 23943936072 93528315 88.140 0
C 1126 154458 111256 667536 23946518928 93534478 88.070 0
C 1127 154458 111406 668436 23978804628 93658863 87.545 0
C 1128 154458 111472 668832 23993010336 93717694 87.637 0
C 1129 154458 111471 668826 23992795098 93731324 87.825 0
C 1130 154458 111312 667872 23958572256 93577753 88.004 0
C 1131 154458 111749 670494 24052631262 93949310 88.334 0
C 1132 154458 111382 668292 23973638916 93637851 88.767 0
C 1133 154457 111672 670032 24036057936 93898800 88.964 0
C 1134 154458 111403 668418 23978158914 93657455 89.099 0
C 1135 154458 111510 669060 24001189380 93755091 89.551 0
C 1136 154458 111628 669768 24026587464 93869066 89.859 0
C 1137 154458 111493 668958 23997530334 93736706 89.976 0
C 1138 154458 111613 669678 24023358894 93838635 90.068 0
C 1139 154458 111642 669852 24029600796 93865087 90.300 0
C 1140 154458 111172 667032 23928438936 93480319 92.406 0
C 1141 154458 111438 668628 23985692244 93691595 92.779 0
C 1142 154457 111470 668820 23992579860 93716031 92.771 0
C 1143 154458 111606 669636 24021852228 93837785 92.873 0
C 1144 154458 111475 668850 23993656050 93714132 90.110 0
C 1145 154458 111395 668370 23976437010 93667487 90.282 0
C 1146 154458 111345 668070 23965675110 93621101 90.378 0
C 1147 154458 111348 668088 23966320824 93614488 90.417 0
C 1148 154458 111502 669012 23999467476 93743091 91.077 0
C 1149 154458 111394 668364 23976221772 93661952 90.974 0
C 1150 154458 111722 670332 24046819836 93933701 91.227 0
C 1151 154457 111534 669204 24006355092 93775307 91.491 0
C 1152 154458 111550 669300 24009798900 93780934 91.672 0
C 1153 154458 111428 668568 23983539864 93683016 91.876 0
C 1154 154458 111285 667710 23952760830 93566072 92.340 0
C 1155 154458 111447 668682 23987629386 93690973 92.288 0
C 1156 154458 111244 667464 23943936072 93517431 91.585 0
C 1157 154458 111532 669192 24005924616 93757988 91.510 0
C 1158 154458 111532 669192 24005924616 93777640 91.520 0
C 1159 154458 111256 667536 23946518928 93539004 91.038 0
C 1160 154457 111418 668508 23981387484 93683747 89.435 0
C 1161 154458 111407 668442 23979019866 93667555 89.585 0
C 1162 154458 111515 669090 24002265570 93758341 90.020 0
C 1163 154458 111109 666654 23914878942 93415861 89.640 0
C 1164 154458 111392 668352 23975791296 93649500 90.760 0
C 1165 154458 111296 667776 23955128448 93574658 90.758 0
C 1166 154458 111434 668604 23984831292 93691102 90.866 0
C 1167 154458 111140 666840 23921551320 93441239 90.926 0
C 1168 154458 111709 670254 24044021742 93919185 92.848 0
C 1169 154457 111785 670710 24060379830 93999774 93.015 0
C 1170 154458 111557 669342 24011305566 93797548 92.701 0
C 1171 154458 111601 669606 24020776038 93812462 92.829 0
C 1172 154458 111348 668088 23966320824 93608400 92.662 0
C 1173 154458 111488 668928 23996454144 93730479 93.001 0
C 1174 154458 111788 670728 24061025544 93970169 93.454 0
C 1175 154458 111306 667836 23957280828 93569954 92.936 0
C 1176 154458 111652 669912 24031753176 93862275 90.482 0
C 1177 154458 111493 668958 23997530334 93745592 90.181 0
C 1178 154457 111494 668964 23997745572 93733369 89.928 0
C 1179 154458 111547 669282 24009153186 93781730 89.775 0
C 1180 154458 111342 668052 23965029396 93613451 89.442 0
C 1181 154458 111417 668502 23981172246 93664624 89.797 0
C 1182 154458 111547 669282 24009153186 93793418 89.894 0
C 1183 154458 111393 668358 23976006534 93659484 89.792 0
C 1184 154458 111697 670182 24041438886 93904048 88.020 0
C 1185 154458 111583 669498 24016901754 93824831 87.630 0
C 1186 154458 111436 668616 23985261768 93681940 87.422 0
C 1187 154457 111615 669690 24023789370 93831370 87.726 0
C 1188 154458 111676 670056 24036918888 93899605 88.318 0
C 1189 154458 111731 670386 24048756978 93943840 88.474 0
C 1190 154458 111622 669732 24025296036 93852150 88.586 0
C 1191 154458 111401 668406 23977728438 93657320 88.481 0
C 1192 154458 111434 668604 23984831292 93705837 84.474 0
C 1193 154458 111591 669546 24018623658 93810712 84.166 0
C 1194 154458 111197 667182 23933819886 93501850 83.482 0
C 1195 154458 111423 668538 23982463674 93701709 84.287 0
C 1196 154457 111435 668610 23985046530 93673000 85.976 0
C 1197 154458 111239 667434 23942859882 93533691 87.601 0
C 1198 154458 111468 668808 23992149384 93709362 90.029 0
C 1199 154458 111319 667914 23960078922 93586847 89.945 0
C 1200 154458 111724 670344 24047250312 93954928 886.591 0
C 1201 154458 111437 668622 23985477006 93696496 1941.454 0
C 1202 154458 111207 667242 23935972266 93498293 2159.877 0
C 1203 154458 111341 668046 23964814158 93625469 2162.519 0
C 1204 154458 111156 666936 23924995128 93447186 1915.663 0
C 1205 154457 111380 668280 23973208440 93636641 862.661 0
C 1206 154458 111488 668928 23996454144 93734403 644.561 0
C 1207 154458 111141 666846 23921766558 93440523 650.255 0
C 1208 154458 111562 669372 24012381756 93800971 1287.214 0
C 1209 154458 111614 669684 24023574132 93831201 1282.458 0
C 1210 154458 111394 668364 23976221772 93649844 1278.598 0
C 1211 154458 111134 666804 23920259892 93427756 1267.855 0
C 1212 154458 111623 669738 24025511274 93839669 60.356 0
C 1213 154458 111580 669480 24016256040 93806201 60.284 0
C 1214 154457 111627 669762 24026372226 93852217 59.771 0
C 1215 154458 111450 668700 23988275100 93717642 59.579 0
C 1216 154458 111579 669474 24016040802 93818078 60.896 0
C 1217 154458 111286 667716 23952976068 93567298 61.070 0
C 1218 154458 111490 668940 23996884620 93748086 61.306 0
C 1219 154458 111494 668964 23997745572 93744765 61.503 0
C 1220 154458 111492 668952 23997315096 93747126 63.527 0
C 1221 154458 111197 667182 23933819886 93502051 63.501 0
C 1222 154458 111618 669708 24024435084 93855406 63.965 0
C 1223 154457 111277 667662 23951038926 93559075 64.361 0
C 1224 154458 111412 668472 23980096056 93666067 66.103 0
C 1225 154458 111504 669024 23999897952 93739286 66.195 0
C 1226 154458 111512 669072 24001619856 93744286 66.288 0
C 1227 154458 111709 670254 24044021742 93904932 66.215 0
C 1228 154458 111638 669828 24028739844 93863569 67.593 0
C 1229 154458 111640 669840 24029170320 93856030 67.903 0
C 1230 154458 111384 668304 23974069392 93646868 67.879 0
C 1231 154458 111170 667020 23928008460 93463749 67.866 0
C 1232 154457 111440 668640 23986122720 93680736 68.126 0
C 1233 154458 111484 668904 23995593192 93727928 68.237 0
C 1234 154458 111486 668916 23996023668 93736175 68.312 0
C 1235 154458 111506 669036 24000328428 93741403 68.376 0
C 1236 154458 111206 667236 23935757028 93499645 1238.614 0
C 1237 154458 111625 669750 24025941750 93851319 1243.348 0
C 1238 154458 111464 668784 23991288432 93709341 1247.036 0
C 1239 154458 111358 668148 23968473204 93630356 1251.029 0
C 1240 154458 111256 667536 23946518928 93525386 144.829 0
C 1241 154457 111426 668556 23983109388 93669907 530.756 0
C 1242 154458 111226 667356 23940061788 93513240 531.192 0
C 1243 154458 111129 666774 23919183702 93439934 530.736 0
C 1244 154458 111479 668874 23994517002 93717685 2897.459 0
C 1245 154458 111359 668154 23968688442 93643420 2506.578 0
C 1246 154458 111541 669246 24007861758 93771380 2502.150 0
C 1247 154458 111692 670152 24040362696 93927879 2498.321 0
C 1248 154458 111498 668988 23998606524 93733536 67.391 0
C 1249 154458 111430 668580 23983970340 93684603 67.923 0
C 1250 154457 111439 668634 23985907482 93685896 68.450 0
C 1251 154458 111639 669834 24028955082 93870831 69.315 0
C 1252 154458 111436 668616 23985261768 93694960 84.048 0
C 1253 154458 111532 669192 24005924616 93757532 85.672 0
C 1254 154458 111611 669666 24022928418 93826744 86.740 0
C 1255 154458 111264 667584 23948240832 93533762 87.535 0
C 1256 154458 111628 669768 24026587464 93833932 90.477 0
C 1257 154458 111312 667872 23958572256 93578893 90.149 0
C 1258 154457 111581 669486 24016471278 93808925 90.105 0
C 1259 154458 111384 668304 23974069392 93641278 89.919 0
C 1260 154458 111334 668004 23963307492 93604631 80.835 0
C 1261 154458 111437 668622 23985477006 93687679 80.630 0
C 1262 154458 111545 669270 24008722710 93787301 79.845 0
C 1263 154458 111295 667770 23954913210 93566725 79.557 0
C 1264 154458 111639 669834 24028955082 93865907 78.659 0
C 1265 154458 111481 668886 23994947478 93718266 78.021 0
C 1266 154458 111541 669246 24007861758 93776529 77.845 0
C 1267 154457 111652 669912 24031753176 93870480 78.201 0
C 1268 154458 111509 669054 24000974142 93737230 90.684 0
C 1269 154458 111343 668058 23965244634 93598330 93.005 0
C 1270 154458 111504 669024 23999897952 93743669 95.118 0
C 1271 154458 111341 668046 23964814158 93614111 95.911 0
C 1272 154458 111528 669168 24005063664 93765333 100.243 1 413348987039540
C 1273 154458 111324 667944 23961155112 93601680 100.794 0
C 1274 154458 111251 667506 23945442738 93530620 100.819 0
C 1275 154458 111193 667158 23932958934 93490099 101.628 0
C 1276 154457 111454 668724 23989136052 93707188 94.303 0
C 1277 154458 111810 670860 24065760780 94001518 92.860 0
C 1278 154458 111241 667446 23943290358 93520870 91.381 0
C 1279 154458 111364 668184 23969764632 93630638 90.200 0
C 1280 154458 111472 668832 23993010336 93708731 86.329 0
C 1281 154458 111410 668460 23979665580 93674100 86.276 0
C 1282 154458 111266 667596 23948671308 93551710 85.706 0
C 1283 154458 111744 670464 24051555072 93967976 85.895 0
C 1284 154458 111324 667944 23961155112 93603505 83.032 1 248457518852825
C 1285 154457 111614 669684 24023574132 93832811 83.488 0
C 1286 154458 111379 668274 23972993202 93621567 83.440 0
C 1287 154458 111607 669642 24022067466 93849542 83.663 0
C 1288 154458 111444 668664 23986983672 93687083 81.716 0
C 1289 154458 111789 670734 24061240782 93969514 81.604 0
C 1290 154458 111334 668004 23963307492 93603603 81.232 0
C 1291 154458 111377 668262 23972562726 93643580 81.436 0
C 1292 154458 111654 669924 24032183652 93852232 84.467 0
C 1293 154458 111577 669462 24015610326 93811669 84.915 0
C 1294 154457 111641 669846 24029385558 93869024 84.899 0
C 1295 154458 111576 669456 24015395088 93809854 85.468 0
C 1296 154458 111433 668598 23984616054 93685313 84.129 0
C 1297 154458 111375 668250 23972132250 93643343 83.967 0
C 1298 154458 111314 667884 23959002732 93578179 83.713 0
C 1299 154458 111462 668772 23990857956 93705349 83.350 0
C 1300 154458 111597 669582 24019915086 93835142 82.594 0
C 1301 154458 111409 668454 23979450342 93650194 82.365 0
C 1302 154458 111288 667728 23953406544 93554211 82.330 0
C 1303 154457 111447 668682 23987629386 93700772 82.471 0
C 1304 154458 111794 670764 24062316972 93994765 83.626 0
C 1305 154458 111553 669318 24010444614 93788266 84.172 0
C 1306 154458 111454 668724 23989136052 93694218 84.194 0
C 1307 154458 111323 667938 23960939874 93598784 84.296 0
C 1308 154458 111327 667962 23961800826 93613637 82.938 0
C 1309 154458 111752 670512 24053276976 93945515 82.593 0
C 1310 154458 111354 668124 23967612252 93611723 82.168 0
C 1311 154458 111555 669330 24010875090 93784151 82.131 0
C 1312 154457 111666 669996 24034766508 93887833 83.903 0
C 1313 154458 111191 667146 23932528458 93473065 83.773 0
C 1314 154458 111332 667992 23962877016 93603875 83.876 0
C 1315 154458 111500 669000 23999037000 93733240 84.581 0
C 1316 154458 111406 668436 23978804628 93652363 95.775 0
C 1317 154458 111369 668214 23970840822 93618879 96.092 0
C 1318 154458 111320 667920 23960294160 93600605 96.106 0
C 1319 154458 111144 666864 23922412272 93465050 96.367 0
C 1320 154458 111300 667800 23955989400 93573708 88.611 0
C 1321 154457 111593 669558 24019054134 93814629 88.756 0
C 1322 154458 111280 667680 23951684640 93565332 88.612 0
C 1323 154458 111360 668160 23968903680 93619171 88.720 0
C 1324 154458 111609 669654 24022497942 93824813 87.473 0
C 1325 154458 111559 669354 24011736042 93794508 87.633 0
C 1326 154458 111332 667992 23962877016 93597342 87.409 0
C 1327 154458 111395 668370 23976437010 93653456 87.378 0
C 1328 154458 111583 669498 24016901754 93824564 87.449 1 369845280684885
C 1329 154458 111069 666414 23906269422 93395571 87.128 0
C 1330 154457 111526 669156 24004633188 93784300 87.683 0
C 1331 154458 111583 669498 24016901754 93814249 87.803 0
C 1332 154458 111379 668274 23972993202 93633769 87.661 0
C 1333 154458 111519 669114 24003126522 93757037 87.629 0
C 1334 154458 111565 669390 24013027470 93800374 87.773 0
C 1335 154458 111418 668508 23981387484 93684087 87.770 0
C 1336 154458 111444 668664 23986983672 93697927 87.198 0
C 1337 154458 111606 669636 24021852228 93837501 87.418 0
C 1338 154458 111499 668994 23998821762 93753248 87.506 0
C 1339 154457 111403 668418 23978158914 93683036 87.536 0
C 1340 154458 111280 667680 23951684640 93548014 87.961 0
C 1341 154458 111705 670230 24043160790 93924579 89.288 0
C 1342 154458 111546 669276 24008937948 93760713 89.170 0
C 1343 154458 111695 670170 24041008410 93904836 89.272 0
C 1344 154458 111489 668934 23996669382 93725072 91.906 0
C 1345 154458 111410 668460 23979665580 93677992 91.220 0
C 1346 154458 111431 668586 23984185578 93693306 91.502 0
C 1347 154458 111626 669756 24026156988 93844404 91.845 0
C 1348 154457 111080 666480 23908637040 93387524 86.939 0
C 1349 154458 111309 667854 23957926542 93568741 86.537 0
C 1350 154458 111388 668328 23974930344 93648471 86.242 0
C 1351 154458 111357 668142 23968257966 93625482 85.463 0
C 1352 154458 111459 668754 23990212242 93712467 84.603 0
C 1353 154458 111332 667992 23962877016 93597963 85.067 0
C 1354 154458 111786 670716 24060595068 93978167 85.536 0
C 1355 154458 111289 667734 23953621782 93576911 85.365 0
C 1356 154458 111179 667074 23929945602 93475018 84.748 0
C 1357 154457 111309 667854 23957926542 93565147 84.159 0
C 1358 154458 111408 668448 23979235104 93666063 84.012 1 415318999268115
C 1359 154458 111524 669144 24004202712 93761108 83.833 0
C 1360 154458 111606 669636 24021852228 93833262 83.506 0
C 1361 154458 111352 668112 23967181776 93609981 83.614 0
C 1362 154458 111670 670020 24035627460 93880551 84.039 0
C 1363 154458 111556 669336 24011090328 93779694 84.140 0
C 1364 154458 111544 669264 24008507472 93781821 82.490 0
C 1365 154458 111233 667398 23941568454 93511681 82.135 0
C 1366 154457 111508 669048 24000758904 93747222 82.349 0
C 1367 154458 111323 667938 23960939874 93596073 82.355 0
C 1368 154458 111499 668994 23998821762 93733472 86.227 0
C 1369 154458 111367 668202 23970410346 93636407 86.562 0
C 1370 154458 111470 668820 23992579860 93707243 87.054 0
C 1371 154458 111389 668334 23975145582 93648105 87.156 0
C 1372 154458 111612 669672 24023143656 93844798 85.505 0
C 1373 154458 111465 668790 23991503670 93707198 84.956 0
C 1374 154458 111543 669258 24008292234 93767397 84.756 0
C 1375 154457 111119 666714 23917031322 93424016 84.972 0
C 1376 154458 111602 669612 24020991276 93826853 94.689 0
C 1377 154458 111317 667902 23959648446 93590831 97.637 0
C 1378 154458 111188 667128 23931882744 93486151 99.573 0
C 1379 154458 111434 668604 23984831292 93666168 101.441 0
C 1380 154458 111503 669018 23999682714 93742674 115.137 0
C 1381 154458 111667 670002 24034981746 93890132 115.602 0
C 1382 154458 111442 668652 23986553196 93690887 115.220 0
C 1383 154457 111616 669696 24024004608 93846565 115.479 0
C 1384 154458 111438 668628 23985692244 93715277 100.110 0
C 1385 154458 111241 667446 23943290358 93531792 95.526 0
C 1386 154458 111442 668652 23986553196 93693777 92.998 0
C 1387 154458 111455 668730 23989351290 93701652 89.381 0
C 1388 154458 111577 669462 24015610326 93814530 70.311 0
C 1389 154458 111548 669288 24009368424 93773541 71.033 0
C 1390 154458 111196 667176 23933604648 93481364 71.284 0
C 1391 154458 111457 668742 23989781766 93699999 72.585 0
C 1392 154457 111550 669300 24009798900 93790202 78.296 0
C 1393 154458 111391 668346 23975576058 93656348 78.976 0
C 1394 154458 111438 668628 23985692244 93684968 79.506 0
C 1395 154458 111312 667872 23958572256 93590193 79.382 0
C 1396 154458 111527 669162 24004848426 93760893 80.316 0
C 1397 154458 111055 666330 23903256090 93381463 79.639 0
C 1398 154458 111352 668112 23967181776 93612117 79.744 0
C 1399 154458 111670 670020 24035627460 93891751 80.129 0
C 1400 154458 111472 668832 23993010336 93712222 80.131 0
C 1401 154457 111646 669876 24030461748 93877066 80.339 0
C 1402 154458 111788 670728 24061025544 93995565 80.627 0
C 1403 154458 111240 667440 23943075120 93508644 80.271 0
C 1404 154458 111571 669426 24014318898 93802420 81.132 0
C 1405 154458 111589 669534 24018193182 93811965 80.962 0
C 1406 154458 111435 668610 23985046530 93684756 80.632 0
C 1407 154458 111501 669006 23999252238 93741733 80.317 0
C 1408 154458 111916 671496 24088576008 94113391 75.605 0
C 1409 154458 111379 668274 23972993202 93645939 74.842 0
C 1410 154457 111663 669978 24034120794 93882413 74.952 0
C 1411 154458 111518 669108 24002911284 93757917 75.017 0
C 1412 154458 111565 669390 24013027470 93785692 74.992 0
C 1413 154458 111320 667920 23960294160 93596045 74.823 0
C 1414 154458 111574 669444 24014964612 93822068 75.348 0
C 1415 154458 111422 668532 23982248436 93674141 74.986 0
C 1416 154458 111416 668496 23980957008 93685790 75.354 0
C 1417 154458 111123 666738 23917892274 93435563 75.212 0
C 1418 154458 111497 668982 23998391286 93747564 75.175 0
C 1419 154457 111744 670464 24051555072 93930733 75.443 0
C 1420 154458 111426 668556 23983109388 93694600 76.118 0
C 1421 154458 111433 668598 23984616054 93682966 76.310 0
C 1422 154458 111267 667602 23948886546 93540997 76.183 0
C 1423 154458 111357 668142 23968257966 93641242 76.325 0
C 1424 154458 111697 670182 24041438886 93930643 80.669 0
C 1425 154458 111338 668028 23964168444 93609677 80.646 0
C 1426 154458 111255 667530 23946303690 93542598 81.100 0
C 1427 154458 111439 668634 23985907482 93699238 81.490 0
C 1428 154457 111438 668628 23985692244 93688836 77.839 0
C 1429 154458 111459 668754 23990212242 93714200 77.524 0
C 1430 154458 111583 669498 24016901754 93806122 77.137 0
C 1431 154458 111280 667680 23951684640 93553075 76.685 0
C 1432 154458 111400 668400 23977513200 93659738 75.850 0
C 1433 154458 111356 668136 23968042728 93611980 75.964 0
C 1434 154458 111351 668106 23966966538 93626137 75.880 0
C 1435 154458 111493 668958 23997530334 93738082 76.062 0
C 1436 154458 111472 668832 23993010336 93726160 76.629 0
C 1437 154457 111689 670134 24039716982 93911376 76.913 0
C 1438 154458 111450 668700 23988275100 93699531 76.893 0
C 1439 154458 111539 669234 24007431282 93777154 76.749 0
C 1440 154458 111502 669012 23999467476 93746055 75.307 0
C 1441 154458 111429 668574 23983755102 93697097 74.222 0
C 1442 154458 111488 668928 23996454144 93717237 73.536 0
C 1443 154458 111494 668964 23997745572 93752894 72.611 0
C 1444 154458 111450 668700 23988275100 93702970 468.544 0
C 1445 154458 111481 668886 23994947478 93726055 468.504 0
C 1446 154457 111493 668958 23997530334 93744369 468.417 0
C 1447 154458 111401 668406 23977728438 93662168 468.014 0
C 1448 154458 111633 669798 24027663654 93849227 62.564 0
C 1449 154458 111422 668532 23982248436 93675063 62.894 0
C 1450 154458 111554 669324 24010659852 93808462 62.888 0
C 1451 154458 111496 668976 23998176048 93744532 62.966 0
C 1452 154458 111364 668184 23969764632 93627846 64.746 0
C 1453 154458 111287 667722 23953191306 93578511 65.137 0
C 1454 154458 111333 667998 23963092254 93618637 65.780 0
C 1455 154457 111311 667866 23958357018 93587787 66.545 0
C 1456 154458 111444 668664 23986983672 93694949 66.978 0
C 1457 154458 111299 667794 23955774162 93579866 66.405 0
C 1458 154458 111849 671094 24074155062 94040461 66.183 0
C 1459 154458 111417 668502 23981172246 93680092 65.432 0
C 1460 154458 111384 668304 23974069392 93665244 64.729 0
C 1461 154458 111232 667392 23941353216 93516641 64.650 0
C 1462 154458 111469 668814 23992364622 93731465 64.701 0
C 1463 154458 111524 669144 24004202712 93766335 64.690 0
C 1464 154457 111504 669024 23999897952 93742296 64.276 0
C 1465 154458 111426 668556 23983109388 93677364 64.234 0
C 1466 154458 111705 670230 24043160790 93910863 64.407 0
C 1467 154458 111316 667896 23959433208 93569033 64.218 0
C 1468 154458 111533 669198 24006139854 93763897 64.407 0
C 1469 154458 111608 669648 24022282704 93836301 64.532 0
C 1470 154458 111452 668712 23988705576 93702090 64.429 0
C 1471 154458 111238 667428 23942644644 93513869 64.373 0
C 1472 154458 111585 669510 24017332230 93815261 67.505 0
C 1473 154457 111125 666750 23918322750 93430425 67.788 0
C 1474 154458 111248 667488 23944797024 93532298 67.883 0
C 1475 154458 111288 667728 23953406544 93570871 68.085 0
C 1476 154458 111364 668184 23969764632 93621065 66.255 0
C 1477 154458 111602 669612 24020991276 93827947 68.268 0
C 1478 154458 111602 669612 24020991276 93827312 975.492 0
C 1479 154458 111704 670224 24042945552 93920778 981.067 0
C 1480 154458 111229 667374 23940707502 93518278 1945.862 0
C 1481 154458 111193 667158 23932958934 93478241 1948.254 0
C 1482 154457 111742 670452 24051124596 93951645 1046.966 0
C 1483 154458 111557 669342 24011305566 93791184 1045.971 0
C 1484 154458 111614 669684 24023574132 93827857 1040.196 0
C 1485 154458 111579 669474 24016040802 93828726 1041.314 0
C 1486 154458 111189 667134 23932097982 93471214 1041.977 0
C 1487 154458 111606 669636 24021852228 93836724 1042.670 0
C 1488 154458 111396 668376 23976652248 93664996 1343.786 0
C 1489 154458 111646 669876 24030461748 93861404 1342.932 0
C 1490 154458 111330 667980 23962446540 93601134 1341.825 0
C 1491 154457 111548 669288 24009368424 93784374 1342.708 0
C 1492 154458 111453 668718 23988920814 93688992 2015.356 0
C 1493 154458 111314 667884 23959002732 93578893 2015.683 0
C 1494 154458 111264 667584 23948240832 93552554 2015.331 0
C 1495 154458 111691 670146 24040147458 93921005 2902.626 0
C 1496 154458 111551 669306 24010014138 93788996 2048.029 0
C 1497 154458 111439 668634 23985907482 93698740 2047.350 0
C 1498 154458 111723 670338 24047035074 93935266 2047.602 0
C 1499 154458 111441 668646 23986337958 93714484 1160.074 0
C 1500 154457 111552 669312 24010229376 93792224 125.681 0
C 1501 154458 111618 669708 24024435084 93843024 1040.006 0
C 1502 154458 111378 668268 23972777964 93644538 1040.561 0
C 1503 154458 111297 667782 23955343686 93565581 1041.299 0
C 1504 154458 111365 668190 23969979870 93651304 2009.931 1 332945000832970
C 1505 154458 111176 667056 23929299888 93460336 1095.671 0
C 1506 154458 111415 668490 23980741770 93668917 1094.734 0
C 1507 154458 111264 667584 23948240832 93563307 1093.611 0
C 1508 154457 111538 669228 24007216044 93763952 122.828 0
C 1509 154458 111366 668196 23970195108 93628544 123.027 0
C 1510 154458 111351 668106 23966966538 93636461 123.406 0
C 1511 154458 111294 667764 23954697972 93574989 123.694 0
C 1512 154458 111459 668754 23990212242 93710876 1236.679 0
C 1513 154458 111599 669594 24020345562 93832029 1236.886 0
C 1514 154458 111427 668562 23983324626 93672721 1237.245 0
C 1515 154458 111254 667524 23946088452 93520542 1237.387 0
C 1516 154458 111524 669144 24004202712 93760673 130.895 0
C 1517 154457 111428 668568 23983539864 93667647 131.247 0
C 1518 154458 111174 667044 23928869412 93459560 130.548 0
C 1519 154458 111018 666108 23895292284 93333889 130.833 0
C 1520 154458 111575 669450 24015179850 93808208 130.330 0
C 1521 154458 111443 668658 23986768434 93696273 129.777 0
C 1522 154458 111401 668406 23977728438 93662034 130.212 0
C 1523 154458 111683 670098 24038425554 93901202 130.495 0
C 1524 154458 111196 667176 23933604648 93495187 129.918 0
C 1525 154458 111476 668856 23993871288 93714764 130.476 0
C 1526 154457 111319 667914 23960078922 93585079 130.418 0
C 1527 154458 111505 669030 24000113190 93720702 130.449 0
C 1528 154458 111483 668898 23995377954 93733829 131.197 0
C 1529 154458 111305 667830 23957065590 93601735 130.679 0
C 1530 154458 111482 668892 23995162716 93715754 130.655 0
C 1531 154458 111455 668730 23989351290 93712515 130.237 0
C 1532 154458 111446 668676 23987414148 93714578 128.779 0
C 1533 154458 111505 669030 24000113190 93747528 128.967 0
C 1534 154458 111506 669036 24000328428 93749678 129.816 0
C 1535 154457 111709 670254 24044021742 93924099 130.772 0
C 1536 154458 111473 668838 23993225574 93709040 131.739 0
C 1537 154458 111554 669324 24010659852 93811286 131.708 0
C 1538 154458 111353 668118 23967397014 93632220 131.302 0
C 1539 154458 111367 668202 23970410346 93628201 131.102 0
C 1540 154458 111162 666972 23926286556 93457437 131.564 0
C 1541 154458 111686 670116 24039071268 93894735 133.111 0
C 1542 154458 111427 668562 23983324626 93684993 132.459 0
C 1543 154458 111461 668766 23990642718 93723148 133.138 0
C 1544 154457 111439 668634 23985907482 93673216 131.730 0
C 1545 154458 111508 669048 24000758904 93760070 131.030 0
C 1546 154458 111607 669642 24022067466 93843585 130.924 0
C 1547 154458 111365 668190 23969979870 93629120 130.004 1 199459308207955
C 1548 154458 111418 668508 23981387484 93674027 125.664 0
C 1549 154458 111246 667476 23944366548 93546347 125.806 0
C 1550 154458 111488 668928 23996454144 93743862 125.993 0
C 1551 154458 111420 668520 23981817960 93675629 126.534 0
C 1552 154458 111356 668136 23968042728 93620161 126.404 0
C 1553 154457 111510 669060 24001189380 93760006 126.359 0
C 1554 154458 111589 669534 24018193182 93823693 126.143 0
C 1555 154458 111705 670230 24043160790 93916476 125.654 0
C 1556 154458 111553 669318 24010444614 93789220 125.441 0
C 1557 154458 111570 669420 24014103660 93794604 125.475 0
C 1558 154458 111720 670320 24046389360 93925666 125.744 0
C 1559 154458 111445 668670 23987198910 93694023 125.605 0
C 1560 154458 111359 668154 23968688442 93629590 125.254 0
C 1561 154458 111578 669468 24015825564 93821145 125.450 0
C 1562 154457 111947 671682 24095248386 94112347 125.925 0
C 1563 154458 111423 668538 23982463674 93668450 125.287 0
C 1564 154458 111598 669588 24020130324 93847113 125.368 0
C 1565 154458 111447 668682 23987629386 93685003 125.249 0
C 1566 154458 111508 669048 24000758904 93766778 125.387 0
C 1567 154458 111550 669300 24009798900 93793218 125.686 0
C 1568 154458 111525 669150 24004417950 93777601 125.994 0
C 1569 154458 111297 667782 23955343686 93594891 126.002 0
C 1570 154458 111396 668376 23976652248 93670529 126.086 0
C 1571 154457 111679 670074 24037564602 93887467 126.522 0
C 1572 154458 111514 669084 24002050332 93766068 126.530 0
C 1573 154458 111506 669036 24000328428 93742980 126.874 0
C 1574 154458 111586 669516 24017547468 93828292 126.657 0
C 1575 154458 111585 669510 24017332230 93795917 126.776 0
C 1576 154458 111382 668292 23973638916 93639645 126.607 0
C 1577 154458 111248 667488 23944797024 93526103 126.524 0
C 1578 154458 111474 668844 23993440812 93703728 126.859 0
C 1579 154458 111179 667074 23929945602 93476564 126.823 0
C 1580 154457 111115 666690 23916170370 93409607 126.609 0
C 1581 154458 111383 668298 23973854154 93647529 126.736 0
C 1582 154458 111328 667968 23962016064 93585349 126.432 0
C 1583 154458 111443 668658 23986768434 93677091 126.318 0
C 1584 154458 111605 669630 24021636990 93825444 125.845 0
C 1585 154458 111443 668658 23986768434 93684697 125.925 0
C 1586 154458 111377 668262 23972562726 93632099 125.942 0
C 1587 154458 111408 668448 23979235104 93649320 126.003 0
C 1588 154458 111361 668166 23969118918 93642234 126.615 0
C 1589 154457 111399 668394 23977297962 93664740 126.827 0
C 1590 154458 111415 668490 23980741770 93667620 126.368 0
C 1591 154458 111682 670092 24038210316 93899246 126.572 0
C 1592 154458 111413 668478 23980311294 93683257 126.723 0
C 1593 154458 111530 669180 24005494140 93763946 126.729 0
C 1594 154458 111336 668016 23963737968 93619969 126.769 0
C 1595 154458 111489 668934 23996669382 93728341 127.181 0
C 1596 154458 111413 668478 23980311294 93681968 126.179 0
C 1597 154458 111777 670662 24058657926 93973112 126.483 0
C 1598 154457 111569 669414 24013888422 93782215 126.252 0
C 1599 154458 111470 668820 23992579860 93729788 126.149 0
C 1600 154458 111620 669720 24024865560 93853329 126.221 0
C 1601 154458 111390 668340 23975360820 93632599 126.020 0
C 1602 154458 111569 669414 24013888422 93807277 126.343 0
C 1603 154458 111386 668316 23974499868 93638635 125.805 0
C 1604 154458 111712 670272 24044667456 93908645 126.085 0
C 1605 154458 111738 670428 24050263644 93935662 126.199 0
C 1606 154458 111236 667416 23942214168 93521718 125.935 0
C 1607 154457 111480 668880 23994732240 93712468 126.587 0
C 1608 154458 111363 668178 23969549394 93605431 125.935 0
C 1609 154458 111413 668478 23980311294 93667899 126.020 0
C 1610 154458 111465 668790 23991503670 93717571 125.951 0
C 1611 154458 111658 669948 24033044604 93877872 125.847 0
C 1612 154458 111771 670626 24057366498 93966152 126.401 0
C 1613 154458 111492 668952 23997315096 93736811 126.145 0
C 1614 154458 111403 668418 23978158914 93659225 125.892 0
C 1615 154458 111334 668004 23963307492 93605971 125.988 0
C 1616 154457 111354 668124 23967612252 93616808 126.075 0
C 1617 154458 111160 666960 23925856080 93467547 126.079 0
C 1618 154458 111500 669000 23999037000 93731259 126.906 0
C 1619 154458 111319 667914 23960078922 93583562 126.372 0
C 1620 154458 111525 669150 24004417950 93771106 126.955 0
C 1621 154458 111352 668112 23967181776 93638327 127.225 0
C 1622 154458 111561 669366 24012166518 93805133 127.486 0
C 1623 154458 111578 669468 24015825564 93807018 127.581 0
C 1624 154458 111575 669450 24015179850 93816053 126.844 0
C 1625 154457 111227 667362 23940277026 93534951 126.309 0
C 1626 154458 111321 667926 23960509398 93592186 126.514 0
C 1627 154458 111285 667710 23952760830 93561081 126.758 0
C 1628 154458 111224 667344 23939631312 93523039 128.091 0
C 1629 154458 111392 668352 23975791296 93647542 128.876 0
C 1630 154458 111444 668664 23986983672 93683696 129.457 0
C 1631 154458 111739 670434 24050478882 93943800 130.611 0
C 1632 154458 111515 669090 24002265570 93742146 132.185 0
C 1633 154457 111886 671316 24082118868 94079472 131.897 0
C 1634 154458 111370 668220 23971056060 93645370 130.563 0
C 1635 154458 111611 669666 24022928418 93834944 130.697 0
C 1636 154458 111551 669306 24010014138 93788127 126.012 0
C 1637 154458 111498 668988 23998606524 93721689 126.079 0
C 1638 154458 111580 669480 24016256040 93811588 126.579 0
C 1639 154458 111542 669252 24008076996 93773388 126.003 0
C 1640 154458 111372 668232 23971486536 93624038 127.802 0
C 1641 154458 111408 668448 23979235104 93667079 128.792 0
C 1642 154457 111522 669132 24003772236 93764519 129.718 0
C 1643 154458 111569 669414 24013888422 93793152 130.511 0
C 1644 154458 111389 668334 23975145582 93657915 132.123 0
C 1645 154458 111518 669108 24002911284 93776992 132.645 0
C 1646 154458 111442 668652 23986553196 93687454 132.807 1 217020556284049
C 1647 154458 111442 668652 23986553196 93689551 133.461 0
C 1648 154458 111455 668730 23989351290 93714094 134.369 0
C 1649 154458 111487 668922 23996238906 93750934 134.652 0
C 1650 154458 111570 669420 24014103660 93788782 133.708 0
C 1651 154457 111669 670014 24035412222 93877941 132.696 0
C 1652 154458 111684 670104 24038640792 93893614 126.067 0
C 1653 154458 111466 668796 23991718908 93724864 124.716 0
C 1654 154458 111541 669246 24007861758 93793054 124.781 0
C 1655 154458 111497 668982 23998391286 93733816 125.040 0
C 1656 154458 111194 667164 23933174172 93488551 1088.467 0
C 1657 154458 111305 667830 23957065590 93590395 1088.913 0
C 1658 154458 111460 668760 23990427480 93714180 1089.154 0
C 1659 154458 111116 666696 23916385608 93406643 1089.149 0
C 1660 154457 111333 667998 23963092254 93601720 126.135 0
C 1661 154458 111426 668556 23983109388 93689020 125.919 0
C 1662 154458 111649 669894 24031107462 93878295 126.121 0
C 1663 154458 111300 667800 23955989400 93558943 125.792 0
C 1664 154458 111570 669420 24014103660 93791399 125.859 0
C 1665 154458 111505 669030 24000113190 93756550 125.734 0
C 1666 154458 111621 669726 24025080798 93853946 126.073 0
C 1667 154458 111484 668904 23995593192 93724554 125.644 0
C 1668 154458 111786 670716 24060595068 93984243 124.756 0
C 1669 154457 111709 670254 24044021742 93932102 124.648 0
C 1670 154458 111599 669594 24020345562 93836564 124.742 0
C 1671 154458 111558 669348 24011520804 93795578 124.849 0
C 1672 154458 111230 667380 23940922740 93519393 124.978 0
C 1673 154458 111309 667854 23957926542 93601786 125.053 0
C 1674 154458 111671 670026 24035842698 93885222 125.172 0
C 1675 154458 111352 668112 23967181776 93629028 124.668 0
C 1676 154458 111484 668904 23995593192 93742638 124.626 0
C 1677 154458 111523 669138 24003987474 93762336 124.825 0
C 1678 154457 111535 669210 24006570330 93773336 125.029 0
C 1679 154458 111558 669348 24011520804 93794830 125.392 0
C 1680 154458 111425 668550 23982894150 93687743 125.152 0
C 1681 154458 111394 668364 23976221772 93644622 125.374 0
C 1682 154458 111688 670128 24039501744 93903712 125.583 0
C 1683 154458 111305 667830 23957065590 93578964 124.950 0
C 1684 154458 111365 668190 23969979870 93611846 124.889 0
C 1685 154458 111383 668298 23973854154 93646819 124.753 0
C 1686 154458 111267 667602 23948886546 93542646 124.413 0
C 1687 154457 111564 669384 24012812232 93790339 124.694 0
C 1688 154458 111637 669822 24028524606 93840771 125.293 0
C 1689 154458 111869 671214 24078459822 94040724 125.370 0
C 1690 154458 111606 669636 24021852228 93838107 125.216 0
C 1691 154458 111363 668178 23969549394 93626552 124.994 0
C 1692 154458 111484 668904 23995593192 93741626 124.950 0
C 1693 154458 111453 668718 23988920814 93689299 125.018 0
C 1694 154458 111112 666672 23915524656 93425792 124.479 0
C 1695 154458 111445 668670 23987198910 93696149 124.818 0
C 1696 154457 111508 669048 24000758904 93746356 124.941 0
C 1697 154458 111449 668694 23988059862 93705400 124.797 0
C 1698 154458 111622 669732 24025296036 93850889 124.883 0
C 1699 154458 111319 667914 23960078922 93597734 124.871 0
C 1700 154458 111624 669744 24025726512 93845771 126.068 0
C 1701 154458 111579 669474 24016040802 93802232 126.299 0
C 1702 154458 111419 668514 23981602722 93682405 126.207 0
C 1703 154458 111413 668478 23980311294 93670299 126.067 0
C 1704 154458 111181 667086 23930376078 93465036 124.365 0
C 1705 154457 111278 667668 23951254164 93554400 124.362 0
C 1706 154458 111593 669558 24019054134 93809027 124.856 0
C 1707 154458 111212 667272 23937048456 93503832 124.508 0
C 1708 154458 111659 669954 24033259842 93886344 124.927 0
C 1709 154458 111516 669096 24002480808 93750250 124.715 0
C 1710 154458 111446 668676 23987414148 93680109 124.490 0
C 1711 154458 111163 666978 23926501794 93446309 124.310 0
C 1712 154458 111855 671130 24075446490 94038247 125.258 0
C 1713 154458 111470 668820 23992579860 93736120 124.809 0
C 1714 154457 111538 669228 24007216044 93774015 125.122 0
C 1715 154458 111340 668040 23964598920 93612531 124.715 0
C 1716 154458 111536 669216 24006785568 93767933 125.162 0
C 1717 154458 111473 668838 23993225574 93718667 125.335 0
C 1718 154458 111545 669270 24008722710 93792156 125.300 0
C 1719 154458 111423 668538 23982463674 93673004 125.105 0
C 1720 154458 111332 667992 23962877016 93614513 125.934 0
C 1721 154458 111424 668544 23982678912 93664512 126.049 0
C 1722 154458 111663 669978 24034120794 93897080 126.379 0
C 1723 154457 111318 667908 23959863684 93588895 126.076 0
C 1724 154458 111222 667332 23939200836 93507341 124.946 0
C 1725 154458 111479 668874 23994517002 93712370 125.237 0
C 1726 154458 111535 669210 24006570330 93792319 125.535 0
C 1727 154458 111672 670032 24036057936 93886664 125.989 0
C 1728 154458 111624 669744 24025726512 93854980 125.911 0
C 1729 154458 111724 670344 24047250312 93919024 126.014 0
C 1730 154458 111466 668796 23991718908 93712301 125.509 0
C 1731 154458 111064 666384 23905193232 93367100 124.930 0
C 1732 154457 111463 668778 23991073194 93711410 125.507 0
C 1733 154458 111382 668292 23973638916 93648084 125.283 0
C 1734 154458 111483 668898 23995377954 93731168 125.192 0
C 1735 154458 111370 668220 23971056060 93655744 125.054 0
C 1736 154458 111284 667704 23952545592 93567931 125.189 0
C 1737 154458 111624 669744 24025726512 93840658 125.564 0
C 1738 154458 111428 668568 23983539864 93676613 125.424 0
C 1739 154458 111566 669396 24013242708 93785657 125.477 0
C 1740 154458 111281 667686 23951899878 93551928 124.488 0
C 1741 154457 111419 668514 23981602722 93675384 124.565 0
C 1742 154458 111226 667356 23940061788 93510555 124.258 0
C 1743 154458 111317 667902 23959648446 93581135 124.532 0
C 1744 154458 111454 668724 23989136052 93729684 124.806 0
C 1745 154458 111468 668808 23992149384 93709463 124.808 0
C 1746 154458 111441 668646 23986337958 93698401 124.904 0
C 1747 154458 111534 669204 24006355092 93767462 124.985 0
C 1748 154458 111321 667926 23960509398 93597474 124.688 0
C 1749 154458 111317 667902 23959648446 93606809 124.702 0
C 1750 154457 111280 667680 23951684640 93567664 124.572 0
C 1751 154458 111681 670086 24037995078 93881731 125.217 0
C 1752 154458 111279 667674 23951469402 93561832 125.010 0
C 1753 154458 111403 668418 23978158914 93669778 125.248 0
C 1754 154458 111486 668916 23996023668 93732693 125.348 0
C 1755 154458 111104 666624 23913802752 93416725 124.974 0
C 1756 154458 111635 669810 24028094130 93832406 125.044 0
C 1757 154458 111411 668466 23979880818 93671269 125.061 0
C 1758 154457 111788 670728 24061025544 93982490 125.780 0
C 1759 154458 111370 668220 23971056060 93636592 125.337 0
C 1760 154458 111258 667548 23946949404 93543302 125.353 0
C 1761 154458 111373 668238 23971701774 93633025 125.164 0
C 1762 154458 111335 668010 23963522730 93612969 125.099 0
C 1763 154458 111541 669246 24007861758 93759062 125.047 0
C 1764 154458 111406 668436 23978804628 93664388 125.030 0
C 1765 154458 111439 668634 23985907482 93708387 125.215 0
C 1766 154458 111607 669642 24022067466 93835383 125.275 0
C 1767 154457 111576 669456 24015395088 93799625 125.422 0
C 1768 154458 111484 668904 23995593192 93726331 125.016 0
C 1769 154458 111368 668208 23970625584 93639534 124.960 0
C 1770 154458 111452 668712 23988705576 93709641 124.980 0
C 1771 154458 111455 668730 23989351290 93697960 124.925 0
C 1772 154458 111540 669240 24007646520 93777689 124.954 0
C 1773 154458 111465 668790 23991503670 93727966 125.067 1 317297948566920
C 1774 154458 111295 667770 23954913210 93576865 124.811 0
C 1775 154458 111430 668580 23983970340 93675366 125.041 0
C 1776 154457 111327 667962 23961800826 93607665 1667.331 0
C 1777 154458 111712 670272 24044667456 93930545 1667.091 0
C 1778 154458 111288 667728 23953406544 93547691 1666.313 0
C 1779 154458 111403 668418 23978158914 93664456 2564.711 0
C 1780 154458 111468 668808 23992149384 93712191 1922.155 0
C 1781 154458 111317 667902 23959648446 93602889 2677.543 0
C 1782 154458 111255 667530 23946303690 93535171 2677.371 0
C 1783 154458 111462 668772 23990857956 93712374 1779.336 0
C 1784 154458 111370 668220 23971056060 93626494 2675.932 0
C 1785 154457 111699 670194 24041869362 93912727 1921.348 0
C 1786 154458 111386 668316 23974499868 93635036 1920.994 0
C 1787 154458 111599 669594 24020345562 93817431 1920.855 0
C 1788 154458 111199 667194 23934250362 93483498 1049.180 0
C 1789 154458 111601 669606 24020776038 93826404 1049.418 0
C 1790 154458 111409 668454 23979450342 93679331 1729.903 0
C 1791 154458 111551 669306 24010014138 93785307 1730.312 0
C 1792 154458 111555 669330 24010875090 93786303 1808.308 0
C 1793 154458 111581 669486 24016471278 93812079 2707.761 0
C 1794 154457 111624 669744 24025726512 93841470 2028.035 0
C 1795 154458 111630 669780 24027017940 93860500 2028.523 0
C 1796 154458 111548 669288 24009368424 93793763 2574.877 0
C 1797 154458 111392 668352 23975791296 93652848 1675.318 0
C 1798 154458 111262 667572 23947810356 93539882 1927.067 0
C 1799 154458 111724 670344 24047250312 93947013 1927.713 0
C 1800 154458 111512 669072 24001619856 93739434 881.389 0
C 1801 154458 111451 668706 23988490338 93691450 881.090 0
C 1802 154458 111236 667416 23942214168 93518709 628.265 0
C 1803 154457 111471 668826 23992795098 93715231 881.937 0
C 1804 154458 111549 669294 24009583662 93794719 630.432 0
C 1805 154458 111672 670032 24036057936 93890838 1627.147 0
C 1806 154458 111610 669660 24022713180 93830413 1628.144 0
C 1807 154458 111363 668178 23969549394 93637915 1374.853 0
C 1808 154458 111367 668202 23970410346 93642093 2132.007 0
C 1809 154458 111469 668814 23992364622 93720728 1135.758 0
C 1810 154458 111251 667506 23945442738 93544459 1134.365 0
C 1811 154458 111442 668652 23986553196 93707646 1133.850 0
C 1812 154457 111504 669024 23999897952 93760246 1060.837 0
C 1813 154458 111230 667380 23940922740 93517589 1980.538 0
C 1814 154458 111479 668874 23994517002 93718265 1981.313 0
C 1815 154458 111546 669276 24008937948 93780652 1981.376 0
C 1816 154458 111242 667452 23943505596 93538793 1041.514 0
C 1817 154458 111229 667374 23940707502 93503280 1104.539 0
C 1818 154458 111284 667704 23952545592 93555522 1104.808 0
C 1819 154458 111243 667458 23943720834 93532428 1105.336 0
C 1820 154458 111355 668130 23967827490 93616941 1909.552 0
C 1821 154457 111540 669240 24007646520 93767680 928.043 0
C 1822 154458 111374 668244 23971917012 93650375 1931.731 0
C 1823 154458 111372 668232 23971486536 93646543 2955.402 0
C 1824 154458 111727 670362 24047896026 93933836 3244.709 0
C 1825 154458 111609 669654 24022497942 93820573 3245.022 0
C 1826 154458 111423 668538 23982463674 93703212 2241.235 0
C 1827 154458 111397 668382 23976867486 93648580 2215.005 0
C 1828 154458 111573 669438 24014749374 93801013 4771.359 0
C 1829 154458 111289 667734 23953621782 93563399 5690.507 0
C 1830 154457 111548 669288 24009368424 93791693 5691.046 0
C 1831 154458 111628 669768 24026587464 93840590 5681.058 0
C 1832 154458 111446 668676 23987414148 93689071 4617.712 0
C 1833 154458 111408 668448 23979235104 93662972 4680.669 0
C 1834 154458 111606 669636 24021852228 93824160 5257.308 0
C 1835 154458 111271 667626 23949747498 93559171 4273.994 0
C 1836 154458 111484 668904 23995593192 93732477 3938.218 0
C 1837 154458 111589 669534 24018193182 93807008 2955.844 0
C 1838 154458 111544 669264 24008507472 93779717 3421.541 0
C 1839 154457 111495 668970 23997960810 93734436 3419.567 0
C 1840 154458 111347 668082 23966105586 93623369 4974.556 0
C 1841 154458 111540 669240 24007646520 93774192 4974.489 0
C 1842 154458 111834 671004 24070926492 94039730 3932.302 0
C 1843 154458 111596 669576 24019699848 93814310 4946.251 0
C 1844 154458 111434 668604 23984831292 93689169 3679.511 0
C 1845 154458 111367 668202 23970410346 93618338 3679.663 0
C 1846 154458 111320 667920 23960294160 93584928 4628.348 0
C 1847 154458 111310 667860 23958141780 93581456 3605.706 0
C 1848 154457 111324 667944 23961155112 93602419 1023.182 0
C 1849 154458 111544 669264 24008507472 93785474 1014.129 0
C 1850 154458 111237 667422 23942429406 93516480 58.376 0
C 1851 154458 111497 668982 23998391286 93739941 57.175 0
C 1852 154458 111543 669258 24008292234 93767806 58.391 0
C 1853 154458 111332 667992 23962877016 93601146 58.601 0
C 1854 154458 111665 669990 24034551270 93895603 59.302 0
C 1855 154458 111661 669966 24033690318 93874670 60.745 0
C 1856 154458 111419 668514 23981602722 93681249 66.048 0
C 1857 154457 111262 667572 23947810356 93537912 67.145 0
C 1858 154458 111438 668628 23985692244 93699859 68.176 0
C 1859 154458 111331 667986 23962661778 93609686 68.047 0
C 1860 154458 111568 669408 24013673184 93804501 69.522 0
C 1861 154458 111347 668082 23966105586 93610955 69.703 0
C 1862 154458 111763 670578 24055644594 93972788 69.722 0
C 1863 154458 111578 669468 24015825564 93819239 69.954 0
C 1864 154458 111681 670086 24037995078 93889300 70.231 0
C 1865 154458 111387 668322 23974715106 93635872 70.063 0
C 1866 154457 111554 669324 24010659852 93802003 70.380 0
C 1867 154458 111377 668262 23972562726 93639869 70.369 0
C 1868 154458 111566 669396 24013242708 93804553 69.188 0
C 1869 154458 111421 668526 23982033198 93687724 68.385 0
C 1870 154458 111477 668862 23994086526 93723903 67.570 0
C 1871 154458 111484 668904 23995593192 93714281 66.670 0
C 1872 154458 111610 669660 24022713180 93845531 64.129 0
C 1873 154458 111548 669288 24009368424 93776208 65.304 1 148540156660685
C 1874 154458 111592 669552 24018838896 93821878 66.428 0
C 1875 154457 111304 667824 23956850352 93576530 67.240 0
C 1876 154458 111603 669618 24021206514 93829286 70.779 0
C 1877 154458 111408 668448 23979235104 93676038 70.626 0
C 1878 154458 111450 668700 23988275100 93713080 70.786 0
C 1879 154458 111500 669000 23999037000 93729053 70.646 0
C 1880 154458 111275 667650 23950608450 93550183 69.938 0
C 1881 154458 111610 669660 24022713180 93857003 69.163 0
C 1882 154458 111632 669792 24027448416 93855236 68.205 0
C 1883 154457 111717 670302 24045743646 93916125 67.321 0
C 1884 154458 111287 667722 23953191306 93561661 63.846 0
C 1885 154458 111347 668082 23966105586 93607756 63.720 0
C 1886 154458 111481 668886 23994947478 93730792 63.832 0
C 1887 154458 111374 668244 23971917012 93654979 63.744 0
C 1888 154458 111452 668712 23988705576 93700862 64.688 0
C 1889 154458 111616 669696 24024004608 93845544 64.896 0
C 1890 154458 111161 666966 23926071318 93455214 64.697 0
C 1891 154458 111298 667788 23955558924 93574498 64.949 0
C 1892 154457 111640 669840 24029170320 93882673 64.530 0
C 1893 154458 111430 668580 23983970340 93688621 64.434 0
C 1894 154458 111318 667908 23959863684 93572160 64.296 0
C 1895 154458 111290 667740 23953837020 93549762 64.169 0
C 1896 154458 111345 668070 23965675110 93633346 64.403 0
C 1897 154458 111289 667734 23953621782 93580757 64.545 0
C 1898 154458 111324 667944 23961155112 93604264 64.429 0
C 1899 154458 111551 669306 24010014138 93792341 64.692 0
C 1900 154458 111595 669570 24019484610 93828464 64.297 0
C 1901 154457 111461 668766 23990642718 93708353 64.233 0
C 1902 154458 111708 670248 24043806504 93921593 64.347 0
C 1903 154458 111223 667338 23939416074 93523790 64.079 1 259585385615265
C 1904 154458 111357 668142 23968257966 93619389 64.245 0
C 1905 154458 111546 669276 24008937948 93779887 64.265 0
C 1906 154458 111488 668928 23996454144 93719658 64.328 0
C 1907 154458 111329 667974 23962231302 93606072 64.111 0
C 1908 154458 111780 670680 24059303640 93990475 64.352 0
C 1909 154458 111286 667716 23952976068 93567847 64.117 0
C 1910 154457 111517 669102 24002696046 93752009 64.219 0
C 1911 154458 111284 667704 23952545592 93541969 64.128 0
C 1912 154458 111675 670050 24036703650 93885596 64.459 1 336521363812874
C 1913 154458 111272 667632 23949962736 93532438 64.322 0
C 1914 154458 111364 668184 23969764632 93628980 64.453 0
C 1915 154458 111294 667764 23954697972 93576937 64.887 0
C 1916 154458 111637 669822 24028524606 93881085 65.535 0
C 1917 154458 111249 667494 23945012262 93511010 65.291 0
C 1918 154458 111463 668778 23991073194 93713130 65.432 0
C 1919 154457 111621 669726 24025080798 93851059 65.110 1 142376931572060
C 1920 154458 111423 668538 23982463674 93680450 64.552 0
C 1921 154458 111221 667326 23938985598 93530151 64.497 0
C 1922 154458 111337 668022 23963953206 93598584 64.620 0
C 1923 154458 111368 668208 23970625584 93638557 64.579 0
C 1924 154458 111614 669684 24023574132 93842610 64.620 0
C 1925 154458 111305 667830 23957065590 93571098 64.462 0
C 1926 154458 111509 669054 24000974142 93758081 64.647 0
C 1927 154458 111432 668592 23984400816 93672882 64.573 0
C 1928 154457 111426 668556 23983109388 93676000 64.629 0
C 1929 154458 111535 669210 24006570330 93783192 64.663 0
C 1930 154458 111461 668766 23990642718 93715450 64.645 0
C 1931 154458 111270 667620 23949532260 93561169 64.586 0
C 1932 154458 111546 669276 24008937948 93785020 64.937 0
C 1933 154458 111489 668934 23996669382 93726546 64.862 0
C 1934 154458 111523 669138 24003987474 93751581 64.932 0
C 1935 154458 111468 668808 23992149384 93726096 64.905 0
C 1936 154458 111441 668646 23986337958 93702756 64.814 0
C 1937 154457 111639 669834 24028955082 93867716 64.927 0
C 1938 154458 111339 668034 23964383682 93625613 64.704 0
C 1939 154458 111750 670500 24052846500 93950054 65.012 0
C 1940 154458 111622 669732 24025296036 93851559 65.030 0
C 1941 154458 111561 669366 24012166518 93781682 64.945 0
C 1942 154458 111287 667722 23953191306 93566765 64.837 0
C 1943 154458 111483 668898 23995377954 93726370 64.942 0
C 1944 154458 111211 667266 23936833218 93499546 64.857 0
C 1945 154458 111324 667944 23961155112 93593911 65.006 0
C 1946 154457 111542 669252 24008076996 93781400 65.124 0
C 1947 154458 111503 669018 23999682714 93743301 65.189 1 338024532138510
C 1948 154458 111542 669252 24008076996 93760689 65.340 0
C 1949 154458 111495 668970 23997960810 93729176 65.242 0
C 1950 154458 111466 668796 23991718908 93715148 65.194 0
C 1951 154458 111500 669000 23999037000 93743075 65.217 0
C 1952 154458 111311 667866 23958357018 93592005 65.123 0
C 1953 154458 111466 668796 23991718908 93724310 65.242 0
C 1954 154458 111537 669222 24007000806 93757621 65.472 0
C 1955 154457 111437 668622 23985477006 93681665 65.309 0
C 1956 154458 111460 668760 23990427480 93689429 65.253 0
C 1957 154458 111493 668958 23997530334 93728423 65.225 0
C 1958 154458 111777 670662 24058657926 93990245 65.305 0
C 1959 154458 111615 669690 24023789370 93845216 65.240 0
C 1960 154458 111549 669294 24009583662 93760948 65.179 0
C 1961 154458 111399 668394 23977297962 93643336 65.141 0
C 1962 154458 111529 669174 24005278902 93745439 65.184 0
C 1963 154458 111417 668502 23981172246 93681096 65.188 0
C 1964 154457 111454 668724 23989136052 93697294 65.214 0
C 1965 154458 111500 669000 23999037000 93738227 65.143 0
C 1966 154458 111563 669378 24012596994 93798603 65.200 0
C 1967 154458 111311 667866 23958357018 93581027 65.158 0
C 1968 154458 111533 669198 24006139854 93772798 65.351 0
C 1969 154458 111590 669540 24018408420 93826255 65.375 0
C 1970 154458 111552 669312 24010229376 93775785 65.492 0
C 1971 154458 111141 666846 23921766558 93458233 65.152 1 290164841338975
C 1972 154458 111474 668844 23993440812 93718322 65.342 0
C 1973 154457 111429 668574 23983755102 93685790 65.467 0
C 1974 154458 111288 667728 23953406544 93568453 65.275 0
C 1975 154458 111224 667344 23939631312 93498379 65.335 0
C 1976 154458 111445 668670 23987198910 93710652 65.403 0
C 1977 154458 111567 669402 24013457946 93800407 65.407 0
C 1978 154458 111454 668724 23989136052 93707882 65.349 0
C 1979 154458 111717 670302 24045743646 93931921 65.520 0
C 1980 154458 111117 666702 23916600846 93426422 65.117 0
C 1981 154458 111381 668286 23973423678 93638291 65.218 0
C 1982 154457 111560 669360 24011951280 93787168 65.319 0
C 1983 154458 111426 668556 23983109388 93680127 65.247 0
C 1984 154458 111526 669156 24004633188 93766720 65.477 0
C 1985 154458 111813 670878 24066406494 93996565 65.739 0
C 1986 154458 111159 666954 23925640842 93465126 65.501 0
C 1987 154458 111428 668568 23983539864 93690533 65.679 0
C 1988 154458 111564 669384 24012812232 93800960 65.504 0
C 1989 154458 111607 669642 24022067466 93826523 65.544 0
C 1990 154458 111141 666846 23921766558 93436595 65.158 0
C 1991 154457 111352 668112 23967181776 93607036 65.233 0
C 1992 154458 111511 669066 24001404618 93756858 65.215 0
C 1993 154458 111424 668544 23982678912 93675916 65.141 0
C 1994 154458 111348 668088 23966320824 93613438 65.070 0
C 1995 154458 111571 669426 24014318898 93808228 65.166 0
C 1996 154458 111609 669654 24022497942 93845980 65.341 0
C 1997 154458 111468 668808 23992149384 93708265 64.568 0
C 1998 154458 111448 668688 23987844624 93692018 63.364 0
C 1999 154458 111366 668196 23970195108 93642120 61.726 0
# end
